SET @OLD_UNIQUE_CHECKS=@@UNIQUE_CHECKS, UNIQUE_CHECKS=0;
SET @OLD_FOREIGN_KEY_CHECKS=@@FOREIGN_KEY_CHECKS, FOREIGN_KEY_CHECKS=0;
SET @OLD_SQL_MODE=@@SQL_MODE, SQL_MODE='TRADITIONAL';

INSERT INTO walletidentifiers (WalletID,IdentifierID,Identifier,TouchedBy,TouchedAt) VALUES (9,1,'1171072263074176','root@localhost','2014-04-10 14:04:51.');
INSERT INTO walletidentifiers (WalletID,IdentifierID,Identifier,TouchedBy,TouchedAt) VALUES (9,2,'1000002269','root@localhost','2014-04-10 14:05:06.');
INSERT INTO walletidentifiers (WalletID,IdentifierID,Identifier,TouchedBy,TouchedAt) VALUES (10,1,'1267153507068288','root@localhost','2014-04-10 14:04:51.');
INSERT INTO walletidentifiers (WalletID,IdentifierID,Identifier,TouchedBy,TouchedAt) VALUES (10,2,'1000002506','root@localhost','2014-04-10 14:05:06.');
INSERT INTO walletidentifiers (WalletID,IdentifierID,Identifier,TouchedBy,TouchedAt) VALUES (11,1,'1260418998348160','root@localhost','2014-04-10 14:04:51.');
INSERT INTO walletidentifiers (WalletID,IdentifierID,Identifier,TouchedBy,TouchedAt) VALUES (11,2,'1000002507','root@localhost','2014-04-10 14:05:06.');
INSERT INTO walletidentifiers (WalletID,IdentifierID,Identifier,TouchedBy,TouchedAt) VALUES (12,1,'1244138246713728','root@localhost','2014-04-10 14:04:51.');
INSERT INTO walletidentifiers (WalletID,IdentifierID,Identifier,TouchedBy,TouchedAt) VALUES (12,2,'1000002526','root@localhost','2014-04-10 14:05:06.');
INSERT INTO walletidentifiers (WalletID,IdentifierID,Identifier,TouchedBy,TouchedAt) VALUES (14,1,'1259067553034624','root@localhost','2014-04-10 14:04:51.');
INSERT INTO walletidentifiers (WalletID,IdentifierID,Identifier,TouchedBy,TouchedAt) VALUES (14,2,'1000002529','root@localhost','2014-04-10 14:05:06.');
INSERT INTO walletidentifiers (WalletID,IdentifierID,Identifier,TouchedBy,TouchedAt) VALUES (20,1,'1151648951576960','root@localhost','2014-04-10 14:04:51.');
INSERT INTO walletidentifiers (WalletID,IdentifierID,Identifier,TouchedBy,TouchedAt) VALUES (20,2,'1000002671','root@localhost','2014-04-10 14:05:06.');
INSERT INTO walletidentifiers (WalletID,IdentifierID,Identifier,TouchedBy,TouchedAt) VALUES (23,1,'1246232311771520','root@localhost','2014-04-10 14:04:51.');
INSERT INTO walletidentifiers (WalletID,IdentifierID,Identifier,TouchedBy,TouchedAt) VALUES (23,2,'1000002520','root@localhost','2014-04-10 14:05:06.');
INSERT INTO walletidentifiers (WalletID,IdentifierID,Identifier,TouchedBy,TouchedAt) VALUES (24,1,'1170121605917056','root@localhost','2014-04-10 14:04:51.');
INSERT INTO walletidentifiers (WalletID,IdentifierID,Identifier,TouchedBy,TouchedAt) VALUES (24,2,'1000002604','root@localhost','2014-04-10 14:05:06.');
INSERT INTO walletidentifiers (WalletID,IdentifierID,Identifier,TouchedBy,TouchedAt) VALUES (25,1,'1166668452211072','root@localhost','2014-04-10 14:04:51.');
INSERT INTO walletidentifiers (WalletID,IdentifierID,Identifier,TouchedBy,TouchedAt) VALUES (25,2,'1000002600','root@localhost','2014-04-10 14:05:06.');
INSERT INTO walletidentifiers (WalletID,IdentifierID,Identifier,TouchedBy,TouchedAt) VALUES (26,1,'1173303632867712','root@localhost','2014-04-10 14:04:51.');
INSERT INTO walletidentifiers (WalletID,IdentifierID,Identifier,TouchedBy,TouchedAt) VALUES (26,2,'1000002247','root@localhost','2014-04-10 14:05:06.');
INSERT INTO walletidentifiers (WalletID,IdentifierID,Identifier,TouchedBy,TouchedAt) VALUES (27,1,'1267140622166400','root@localhost','2014-04-10 14:04:51.');
INSERT INTO walletidentifiers (WalletID,IdentifierID,Identifier,TouchedBy,TouchedAt) VALUES (27,2,'1000002545','root@localhost','2014-04-10 14:05:06.');
INSERT INTO walletidentifiers (WalletID,IdentifierID,Identifier,TouchedBy,TouchedAt) VALUES (28,1,'1159319763167616','root@localhost','2014-04-10 14:04:51.');
INSERT INTO walletidentifiers (WalletID,IdentifierID,Identifier,TouchedBy,TouchedAt) VALUES (28,2,'1000002516','root@localhost','2014-04-10 14:05:06.');
INSERT INTO walletidentifiers (WalletID,IdentifierID,Identifier,TouchedBy,TouchedAt) VALUES (29,1,'1276958917405056','root@localhost','2014-04-10 14:04:51.');
INSERT INTO walletidentifiers (WalletID,IdentifierID,Identifier,TouchedBy,TouchedAt) VALUES (29,2,'1000002544','root@localhost','2014-04-10 14:05:06.');
INSERT INTO walletidentifiers (WalletID,IdentifierID,Identifier,TouchedBy,TouchedAt) VALUES (30,1,'1272246928683392','root@localhost','2014-04-10 14:04:51.');
INSERT INTO walletidentifiers (WalletID,IdentifierID,Identifier,TouchedBy,TouchedAt) VALUES (30,2,'1000002731','root@localhost','2014-04-10 14:05:06.');
INSERT INTO walletidentifiers (WalletID,IdentifierID,Identifier,TouchedBy,TouchedAt) VALUES (33,1,'1178105540522368','root@localhost','2014-04-10 14:04:51.');
INSERT INTO walletidentifiers (WalletID,IdentifierID,Identifier,TouchedBy,TouchedAt) VALUES (33,2,'1000002539','root@localhost','2014-04-10 14:05:06.');
INSERT INTO walletidentifiers (WalletID,IdentifierID,Identifier,TouchedBy,TouchedAt) VALUES (34,1,'1217176858014080','root@localhost','2014-04-10 14:04:51.');
INSERT INTO walletidentifiers (WalletID,IdentifierID,Identifier,TouchedBy,TouchedAt) VALUES (34,2,'1000002533','root@localhost','2014-04-10 14:05:06.');
INSERT INTO walletidentifiers (WalletID,IdentifierID,Identifier,TouchedBy,TouchedAt) VALUES (35,1,'1207689275257216','root@localhost','2014-04-10 14:04:51.');
INSERT INTO walletidentifiers (WalletID,IdentifierID,Identifier,TouchedBy,TouchedAt) VALUES (35,2,'1000002534','root@localhost','2014-04-10 14:05:06.');
INSERT INTO walletidentifiers (WalletID,IdentifierID,Identifier,TouchedBy,TouchedAt) VALUES (38,1,'1236178202929536','root@localhost','2014-04-10 14:04:51.');
INSERT INTO walletidentifiers (WalletID,IdentifierID,Identifier,TouchedBy,TouchedAt) VALUES (38,2,'1000002584','root@localhost','2014-04-10 14:05:06.');
INSERT INTO walletidentifiers (WalletID,IdentifierID,Identifier,TouchedBy,TouchedAt) VALUES (40,1,'1246374045692288','root@localhost','2014-04-10 14:04:51.');
INSERT INTO walletidentifiers (WalletID,IdentifierID,Identifier,TouchedBy,TouchedAt) VALUES (40,2,'1000002488','root@localhost','2014-04-10 14:05:06.');
INSERT INTO walletidentifiers (WalletID,IdentifierID,Identifier,TouchedBy,TouchedAt) VALUES (41,1,'1278899833024896','root@localhost','2014-04-10 14:04:51.');
INSERT INTO walletidentifiers (WalletID,IdentifierID,Identifier,TouchedBy,TouchedAt) VALUES (41,2,'1000002503','root@localhost','2014-04-10 14:05:06.');
INSERT INTO walletidentifiers (WalletID,IdentifierID,Identifier,TouchedBy,TouchedAt) VALUES (42,1,'1237126981104000','root@localhost','2014-04-10 14:04:51.');
INSERT INTO walletidentifiers (WalletID,IdentifierID,Identifier,TouchedBy,TouchedAt) VALUES (42,2,'1000002536','root@localhost','2014-04-10 14:05:06.');
INSERT INTO walletidentifiers (WalletID,IdentifierID,Identifier,TouchedBy,TouchedAt) VALUES (43,1,'1182125629911424','root@localhost','2014-04-10 14:04:51.');
INSERT INTO walletidentifiers (WalletID,IdentifierID,Identifier,TouchedBy,TouchedAt) VALUES (43,2,'1000002537','root@localhost','2014-04-10 14:05:06.');
INSERT INTO walletidentifiers (WalletID,IdentifierID,Identifier,TouchedBy,TouchedAt) VALUES (44,1,'1276919853101440','root@localhost','2014-04-10 14:04:51.');
INSERT INTO walletidentifiers (WalletID,IdentifierID,Identifier,TouchedBy,TouchedAt) VALUES (44,2,'1000002246','root@localhost','2014-04-10 14:05:06.');
INSERT INTO walletidentifiers (WalletID,IdentifierID,Identifier,TouchedBy,TouchedAt) VALUES (46,1,'1256892420600192','root@localhost','2014-04-10 14:04:51.');
INSERT INTO walletidentifiers (WalletID,IdentifierID,Identifier,TouchedBy,TouchedAt) VALUES (46,2,'1000002162','root@localhost','2014-04-10 14:05:06.');
INSERT INTO walletidentifiers (WalletID,IdentifierID,Identifier,TouchedBy,TouchedAt) VALUES (49,1,'1291119014982016','root@localhost','2014-04-10 14:04:51.');
INSERT INTO walletidentifiers (WalletID,IdentifierID,Identifier,TouchedBy,TouchedAt) VALUES (49,2,'1000002737','root@localhost','2014-04-10 14:05:06.');
INSERT INTO walletidentifiers (WalletID,IdentifierID,Identifier,TouchedBy,TouchedAt) VALUES (53,1,'1216421353367936','root@localhost','2014-04-10 14:04:51.');
INSERT INTO walletidentifiers (WalletID,IdentifierID,Identifier,TouchedBy,TouchedAt) VALUES (53,2,'1000002587','root@localhost','2014-04-10 14:05:06.');
INSERT INTO walletidentifiers (WalletID,IdentifierID,Identifier,TouchedBy,TouchedAt) VALUES (59,1,'1228266463572352','root@localhost','2014-04-10 14:04:51.');
INSERT INTO walletidentifiers (WalletID,IdentifierID,Identifier,TouchedBy,TouchedAt) VALUES (59,2,'1000000063','root@localhost','2014-04-10 14:05:06.');
INSERT INTO walletidentifiers (WalletID,IdentifierID,Identifier,TouchedBy,TouchedAt) VALUES (63,1,'1183560148988288','root@localhost','2014-04-10 14:04:51.');
INSERT INTO walletidentifiers (WalletID,IdentifierID,Identifier,TouchedBy,TouchedAt) VALUES (63,2,'1000002215','root@localhost','2014-04-10 14:05:06.');
INSERT INTO walletidentifiers (WalletID,IdentifierID,Identifier,TouchedBy,TouchedAt) VALUES (64,1,'1248128942420352','root@localhost','2014-04-10 14:04:51.');
INSERT INTO walletidentifiers (WalletID,IdentifierID,Identifier,TouchedBy,TouchedAt) VALUES (64,2,'1000002282','root@localhost','2014-04-10 14:05:06.');
INSERT INTO walletidentifiers (WalletID,IdentifierID,Identifier,TouchedBy,TouchedAt) VALUES (65,1,'1245805365113216','root@localhost','2014-04-10 14:04:51.');
INSERT INTO walletidentifiers (WalletID,IdentifierID,Identifier,TouchedBy,TouchedAt) VALUES (65,2,'1000002278','root@localhost','2014-04-10 14:05:06.');
INSERT INTO walletidentifiers (WalletID,IdentifierID,Identifier,TouchedBy,TouchedAt) VALUES (69,1,'1188713975525760','root@localhost','2014-04-10 14:04:51.');
INSERT INTO walletidentifiers (WalletID,IdentifierID,Identifier,TouchedBy,TouchedAt) VALUES (69,2,'1000002560','root@localhost','2014-04-10 14:05:06.');
INSERT INTO walletidentifiers (WalletID,IdentifierID,Identifier,TouchedBy,TouchedAt) VALUES (71,1,'1173463090473344','root@localhost','2014-04-10 14:04:51.');
INSERT INTO walletidentifiers (WalletID,IdentifierID,Identifier,TouchedBy,TouchedAt) VALUES (71,2,'1000002573','root@localhost','2014-04-10 14:05:06.');
INSERT INTO walletidentifiers (WalletID,IdentifierID,Identifier,TouchedBy,TouchedAt) VALUES (72,1,'1275764506898816','root@localhost','2014-04-10 14:04:51.');
INSERT INTO walletidentifiers (WalletID,IdentifierID,Identifier,TouchedBy,TouchedAt) VALUES (72,2,'1000003249','root@localhost','2014-04-10 14:05:06.');
INSERT INTO walletidentifiers (WalletID,IdentifierID,Identifier,TouchedBy,TouchedAt) VALUES (74,1,'1144978323550592','root@localhost','2014-04-10 14:04:51.');
INSERT INTO walletidentifiers (WalletID,IdentifierID,Identifier,TouchedBy,TouchedAt) VALUES (74,2,'1000003250','root@localhost','2014-04-10 14:05:06.');
INSERT INTO walletidentifiers (WalletID,IdentifierID,Identifier,TouchedBy,TouchedAt) VALUES (75,1,'1175971485591936','root@localhost','2014-04-10 14:04:51.');
INSERT INTO walletidentifiers (WalletID,IdentifierID,Identifier,TouchedBy,TouchedAt) VALUES (75,2,'1000004619','root@localhost','2014-04-10 14:05:06.');
INSERT INTO walletidentifiers (WalletID,IdentifierID,Identifier,TouchedBy,TouchedAt) VALUES (119,1,'1287936444215680','root@localhost','2014-04-10 14:04:51.');
INSERT INTO walletidentifiers (WalletID,IdentifierID,Identifier,TouchedBy,TouchedAt) VALUES (119,2,'1000002248','root@localhost','2014-04-10 14:05:06.');
INSERT INTO walletidentifiers (WalletID,IdentifierID,Identifier,TouchedBy,TouchedAt) VALUES (120,1,'1235937275163008','root@localhost','2014-04-10 14:04:51.');
INSERT INTO walletidentifiers (WalletID,IdentifierID,Identifier,TouchedBy,TouchedAt) VALUES (120,2,'1000003498','root@localhost','2014-04-10 14:05:06.');
INSERT INTO walletidentifiers (WalletID,IdentifierID,Identifier,TouchedBy,TouchedAt) VALUES (121,1,'1191411349205376','root@localhost','2014-04-10 14:04:51.');
INSERT INTO walletidentifiers (WalletID,IdentifierID,Identifier,TouchedBy,TouchedAt) VALUES (121,2,'1000004655','root@localhost','2014-04-10 14:05:06.');
INSERT INTO walletidentifiers (WalletID,IdentifierID,Identifier,TouchedBy,TouchedAt) VALUES (122,1,'1273599843381632','root@localhost','2014-04-10 14:04:51.');
INSERT INTO walletidentifiers (WalletID,IdentifierID,Identifier,TouchedBy,TouchedAt) VALUES (122,2,'1000003251','root@localhost','2014-04-10 14:05:06.');
INSERT INTO walletidentifiers (WalletID,IdentifierID,Identifier,TouchedBy,TouchedAt) VALUES (126,1,'1247260687937920','root@localhost','2014-04-10 14:04:51.');
INSERT INTO walletidentifiers (WalletID,IdentifierID,Identifier,TouchedBy,TouchedAt) VALUES (126,2,'1000002264','root@localhost','2014-04-10 14:05:06.');
INSERT INTO walletidentifiers (WalletID,IdentifierID,Identifier,TouchedBy,TouchedAt) VALUES (128,1,'1264997433485696','root@localhost','2014-04-10 14:04:51.');
INSERT INTO walletidentifiers (WalletID,IdentifierID,Identifier,TouchedBy,TouchedAt) VALUES (128,2,'1000004626','root@localhost','2014-04-10 14:05:06.');
INSERT INTO walletidentifiers (WalletID,IdentifierID,Identifier,TouchedBy,TouchedAt) VALUES (129,1,'1240865481634176','root@localhost','2014-04-10 14:04:51.');
INSERT INTO walletidentifiers (WalletID,IdentifierID,Identifier,TouchedBy,TouchedAt) VALUES (129,2,'1000002557','root@localhost','2014-04-10 14:05:06.');
INSERT INTO walletidentifiers (WalletID,IdentifierID,Identifier,TouchedBy,TouchedAt) VALUES (131,1,'1242826812303744','root@localhost','2014-04-10 14:04:51.');
INSERT INTO walletidentifiers (WalletID,IdentifierID,Identifier,TouchedBy,TouchedAt) VALUES (131,2,'1000003253','root@localhost','2014-04-10 14:05:06.');
INSERT INTO walletidentifiers (WalletID,IdentifierID,Identifier,TouchedBy,TouchedAt) VALUES (132,1,'1131754663061888','root@localhost','2014-04-10 14:04:51.');
INSERT INTO walletidentifiers (WalletID,IdentifierID,Identifier,TouchedBy,TouchedAt) VALUES (132,2,'1000003252','root@localhost','2014-04-10 14:05:06.');
INSERT INTO walletidentifiers (WalletID,IdentifierID,Identifier,TouchedBy,TouchedAt) VALUES (137,1,'1199069819709824','root@localhost','2014-04-10 14:04:51.');
INSERT INTO walletidentifiers (WalletID,IdentifierID,Identifier,TouchedBy,TouchedAt) VALUES (137,2,'1000004623','root@localhost','2014-04-10 14:05:06.');
INSERT INTO walletidentifiers (WalletID,IdentifierID,Identifier,TouchedBy,TouchedAt) VALUES (138,1,'1271503899341184','root@localhost','2014-04-10 14:04:51.');
INSERT INTO walletidentifiers (WalletID,IdentifierID,Identifier,TouchedBy,TouchedAt) VALUES (138,2,'1000005002','root@localhost','2014-04-10 14:05:06.');
INSERT INTO walletidentifiers (WalletID,IdentifierID,Identifier,TouchedBy,TouchedAt) VALUES (143,1,'1213075573844352','root@localhost','2014-04-10 14:04:51.');
INSERT INTO walletidentifiers (WalletID,IdentifierID,Identifier,TouchedBy,TouchedAt) VALUES (143,2,'1000002296','root@localhost','2014-04-10 14:05:06.');
INSERT INTO walletidentifiers (WalletID,IdentifierID,Identifier,TouchedBy,TouchedAt) VALUES (147,1,'1204202171410816','root@localhost','2014-04-10 14:04:51.');
INSERT INTO walletidentifiers (WalletID,IdentifierID,Identifier,TouchedBy,TouchedAt) VALUES (147,2,'1000002603','root@localhost','2014-04-10 14:05:06.');
INSERT INTO walletidentifiers (WalletID,IdentifierID,Identifier,TouchedBy,TouchedAt) VALUES (149,1,'1174824595106176','root@localhost','2014-04-10 14:04:51.');
INSERT INTO walletidentifiers (WalletID,IdentifierID,Identifier,TouchedBy,TouchedAt) VALUES (149,2,'1000003266','root@localhost','2014-04-10 14:05:06.');
INSERT INTO walletidentifiers (WalletID,IdentifierID,Identifier,TouchedBy,TouchedAt) VALUES (151,1,'1153521013502336','root@localhost','2014-04-10 14:04:51.');
INSERT INTO walletidentifiers (WalletID,IdentifierID,Identifier,TouchedBy,TouchedAt) VALUES (151,2,'1000005697','root@localhost','2014-04-10 14:05:06.');
INSERT INTO walletidentifiers (WalletID,IdentifierID,Identifier,TouchedBy,TouchedAt) VALUES (152,1,'1236400997413248','root@localhost','2014-04-10 14:04:51.');
INSERT INTO walletidentifiers (WalletID,IdentifierID,Identifier,TouchedBy,TouchedAt) VALUES (152,2,'1000005698','root@localhost','2014-04-10 14:05:06.');
INSERT INTO walletidentifiers (WalletID,IdentifierID,Identifier,TouchedBy,TouchedAt) VALUES (153,1,'1159344989155712','root@localhost','2014-04-10 14:04:51.');
INSERT INTO walletidentifiers (WalletID,IdentifierID,Identifier,TouchedBy,TouchedAt) VALUES (153,2,'1000005699','root@localhost','2014-04-10 14:05:06.');
INSERT INTO walletidentifiers (WalletID,IdentifierID,Identifier,TouchedBy,TouchedAt) VALUES (154,1,'1149191686467968','root@localhost','2014-04-10 14:04:51.');
INSERT INTO walletidentifiers (WalletID,IdentifierID,Identifier,TouchedBy,TouchedAt) VALUES (154,2,'1000005700','root@localhost','2014-04-10 14:05:06.');
INSERT INTO walletidentifiers (WalletID,IdentifierID,Identifier,TouchedBy,TouchedAt) VALUES (162,1,'1186919223011712','root@localhost','2014-04-10 14:04:51.');
INSERT INTO walletidentifiers (WalletID,IdentifierID,Identifier,TouchedBy,TouchedAt) VALUES (162,2,'1000004633','root@localhost','2014-04-10 14:05:06.');
INSERT INTO walletidentifiers (WalletID,IdentifierID,Identifier,TouchedBy,TouchedAt) VALUES (164,1,'1134958164849024','root@localhost','2014-04-10 14:04:51.');
INSERT INTO walletidentifiers (WalletID,IdentifierID,Identifier,TouchedBy,TouchedAt) VALUES (164,2,'1000005702','root@localhost','2014-04-10 14:05:06.');
INSERT INTO walletidentifiers (WalletID,IdentifierID,Identifier,TouchedBy,TouchedAt) VALUES (165,1,'1285514082660736','root@localhost','2014-04-10 14:04:51.');
INSERT INTO walletidentifiers (WalletID,IdentifierID,Identifier,TouchedBy,TouchedAt) VALUES (165,2,'1000005703','root@localhost','2014-04-10 14:05:06.');
INSERT INTO walletidentifiers (WalletID,IdentifierID,Identifier,TouchedBy,TouchedAt) VALUES (166,1,'1170026572820864','root@localhost','2014-04-10 14:04:51.');
INSERT INTO walletidentifiers (WalletID,IdentifierID,Identifier,TouchedBy,TouchedAt) VALUES (166,2,'1000005704','root@localhost','2014-04-10 14:05:06.');
INSERT INTO walletidentifiers (WalletID,IdentifierID,Identifier,TouchedBy,TouchedAt) VALUES (167,1,'1160152443007360','root@localhost','2014-04-10 14:04:51.');
INSERT INTO walletidentifiers (WalletID,IdentifierID,Identifier,TouchedBy,TouchedAt) VALUES (167,2,'1000005705','root@localhost','2014-04-10 14:05:06.');
INSERT INTO walletidentifiers (WalletID,IdentifierID,Identifier,TouchedBy,TouchedAt) VALUES (168,1,'1156892562829696','root@localhost','2014-04-10 14:04:51.');
INSERT INTO walletidentifiers (WalletID,IdentifierID,Identifier,TouchedBy,TouchedAt) VALUES (168,2,'1000005706','root@localhost','2014-04-10 14:05:06.');
INSERT INTO walletidentifiers (WalletID,IdentifierID,Identifier,TouchedBy,TouchedAt) VALUES (169,1,'1157094426292608','root@localhost','2014-04-10 14:04:51.');
INSERT INTO walletidentifiers (WalletID,IdentifierID,Identifier,TouchedBy,TouchedAt) VALUES (169,2,'1000005707','root@localhost','2014-04-10 14:05:06.');
INSERT INTO walletidentifiers (WalletID,IdentifierID,Identifier,TouchedBy,TouchedAt) VALUES (170,1,'1170365875237248','root@localhost','2014-04-10 14:04:51.');
INSERT INTO walletidentifiers (WalletID,IdentifierID,Identifier,TouchedBy,TouchedAt) VALUES (170,2,'1000005708','root@localhost','2014-04-10 14:05:06.');
INSERT INTO walletidentifiers (WalletID,IdentifierID,Identifier,TouchedBy,TouchedAt) VALUES (171,1,'1150626205544832','root@localhost','2014-04-10 14:04:51.');
INSERT INTO walletidentifiers (WalletID,IdentifierID,Identifier,TouchedBy,TouchedAt) VALUES (171,2,'1000005709','root@localhost','2014-04-10 14:05:06.');
INSERT INTO walletidentifiers (WalletID,IdentifierID,Identifier,TouchedBy,TouchedAt) VALUES (172,1,'1150550909333888','root@localhost','2014-04-10 14:04:51.');
INSERT INTO walletidentifiers (WalletID,IdentifierID,Identifier,TouchedBy,TouchedAt) VALUES (172,2,'1000005710','root@localhost','2014-04-10 14:05:06.');
INSERT INTO walletidentifiers (WalletID,IdentifierID,Identifier,TouchedBy,TouchedAt) VALUES (173,1,'1157049194852736','root@localhost','2014-04-10 14:04:51.');
INSERT INTO walletidentifiers (WalletID,IdentifierID,Identifier,TouchedBy,TouchedAt) VALUES (173,2,'1000005711','root@localhost','2014-04-10 14:05:06.');
INSERT INTO walletidentifiers (WalletID,IdentifierID,Identifier,TouchedBy,TouchedAt) VALUES (175,1,'1172238480978304','root@localhost','2014-04-10 14:04:51.');
INSERT INTO walletidentifiers (WalletID,IdentifierID,Identifier,TouchedBy,TouchedAt) VALUES (175,2,'1000002574','root@localhost','2014-04-10 14:05:06.');
INSERT INTO walletidentifiers (WalletID,IdentifierID,Identifier,TouchedBy,TouchedAt) VALUES (176,1,'1162467430379904','root@localhost','2014-04-10 14:04:51.');
INSERT INTO walletidentifiers (WalletID,IdentifierID,Identifier,TouchedBy,TouchedAt) VALUES (176,2,'1000002504','root@localhost','2014-04-10 14:05:06.');
INSERT INTO walletidentifiers (WalletID,IdentifierID,Identifier,TouchedBy,TouchedAt) VALUES (177,1,'1207873958850944','root@localhost','2014-04-10 14:04:51.');
INSERT INTO walletidentifiers (WalletID,IdentifierID,Identifier,TouchedBy,TouchedAt) VALUES (177,2,'1000004649','root@localhost','2014-04-10 14:05:06.');
INSERT INTO walletidentifiers (WalletID,IdentifierID,Identifier,TouchedBy,TouchedAt) VALUES (180,1,'1231702437409152','root@localhost','2014-04-10 14:04:51.');
INSERT INTO walletidentifiers (WalletID,IdentifierID,Identifier,TouchedBy,TouchedAt) VALUES (180,2,'1000002543','root@localhost','2014-04-10 14:05:06.');
INSERT INTO walletidentifiers (WalletID,IdentifierID,Identifier,TouchedBy,TouchedAt) VALUES (185,1,'1234786223927680','root@localhost','2014-04-10 14:04:51.');
INSERT INTO walletidentifiers (WalletID,IdentifierID,Identifier,TouchedBy,TouchedAt) VALUES (185,2,'1000003349','root@localhost','2014-04-10 14:05:06.');
INSERT INTO walletidentifiers (WalletID,IdentifierID,Identifier,TouchedBy,TouchedAt) VALUES (187,1,'1251509081682304','root@localhost','2014-04-10 14:04:51.');
INSERT INTO walletidentifiers (WalletID,IdentifierID,Identifier,TouchedBy,TouchedAt) VALUES (187,2,'1000004716','root@localhost','2014-04-10 14:05:06.');
INSERT INTO walletidentifiers (WalletID,IdentifierID,Identifier,TouchedBy,TouchedAt) VALUES (190,1,'1292231821109632','root@localhost','2014-04-10 14:04:51.');
INSERT INTO walletidentifiers (WalletID,IdentifierID,Identifier,TouchedBy,TouchedAt) VALUES (190,2,'1000002586','root@localhost','2014-04-10 14:05:06.');
INSERT INTO walletidentifiers (WalletID,IdentifierID,Identifier,TouchedBy,TouchedAt) VALUES (200,1,'1271237611368832','root@localhost','2014-04-10 14:04:51.');
INSERT INTO walletidentifiers (WalletID,IdentifierID,Identifier,TouchedBy,TouchedAt) VALUES (200,2,'1000005721','root@localhost','2014-04-10 14:05:06.');
INSERT INTO walletidentifiers (WalletID,IdentifierID,Identifier,TouchedBy,TouchedAt) VALUES (212,1,'1226549020469632','root@localhost','2014-04-10 14:04:51.');
INSERT INTO walletidentifiers (WalletID,IdentifierID,Identifier,TouchedBy,TouchedAt) VALUES (212,2,'1000003355','root@localhost','2014-04-10 14:05:06.');
INSERT INTO walletidentifiers (WalletID,IdentifierID,Identifier,TouchedBy,TouchedAt) VALUES (215,1,'1210687572027776','root@localhost','2014-04-10 14:04:51.');
INSERT INTO walletidentifiers (WalletID,IdentifierID,Identifier,TouchedBy,TouchedAt) VALUES (215,2,'1000003358','root@localhost','2014-04-10 14:05:06.');
INSERT INTO walletidentifiers (WalletID,IdentifierID,Identifier,TouchedBy,TouchedAt) VALUES (216,1,'1226561905371520','root@localhost','2014-04-10 14:04:51.');
INSERT INTO walletidentifiers (WalletID,IdentifierID,Identifier,TouchedBy,TouchedAt) VALUES (216,2,'1000003359','root@localhost','2014-04-10 14:05:06.');
INSERT INTO walletidentifiers (WalletID,IdentifierID,Identifier,TouchedBy,TouchedAt) VALUES (218,1,'1206574462742912','root@localhost','2014-04-10 14:04:51.');
INSERT INTO walletidentifiers (WalletID,IdentifierID,Identifier,TouchedBy,TouchedAt) VALUES (218,2,'1000002400','root@localhost','2014-04-10 14:05:06.');
INSERT INTO walletidentifiers (WalletID,IdentifierID,Identifier,TouchedBy,TouchedAt) VALUES (219,1,'1256153686225280','root@localhost','2014-04-10 14:04:51.');
INSERT INTO walletidentifiers (WalletID,IdentifierID,Identifier,TouchedBy,TouchedAt) VALUES (219,2,'1000003348','root@localhost','2014-04-10 14:05:06.');
INSERT INTO walletidentifiers (WalletID,IdentifierID,Identifier,TouchedBy,TouchedAt) VALUES (220,1,'1219741363087744','root@localhost','2014-04-10 14:04:51.');
INSERT INTO walletidentifiers (WalletID,IdentifierID,Identifier,TouchedBy,TouchedAt) VALUES (220,2,'1000002565','root@localhost','2014-04-10 14:05:06.');
INSERT INTO walletidentifiers (WalletID,IdentifierID,Identifier,TouchedBy,TouchedAt) VALUES (221,1,'1200010283329920','root@localhost','2014-04-10 14:04:51.');
INSERT INTO walletidentifiers (WalletID,IdentifierID,Identifier,TouchedBy,TouchedAt) VALUES (221,2,'1000002566','root@localhost','2014-04-10 14:05:06.');
INSERT INTO walletidentifiers (WalletID,IdentifierID,Identifier,TouchedBy,TouchedAt) VALUES (222,1,'1141774277947776','root@localhost','2014-04-10 14:04:51.');
INSERT INTO walletidentifiers (WalletID,IdentifierID,Identifier,TouchedBy,TouchedAt) VALUES (222,2,'1000002570','root@localhost','2014-04-10 14:05:06.');
INSERT INTO walletidentifiers (WalletID,IdentifierID,Identifier,TouchedBy,TouchedAt) VALUES (223,1,'1145081402765696','root@localhost','2014-04-10 14:04:51.');
INSERT INTO walletidentifiers (WalletID,IdentifierID,Identifier,TouchedBy,TouchedAt) VALUES (223,2,'1000002571','root@localhost','2014-04-10 14:05:06.');
INSERT INTO walletidentifiers (WalletID,IdentifierID,Identifier,TouchedBy,TouchedAt) VALUES (224,1,'1137217451864448','root@localhost','2014-04-10 14:04:51.');
INSERT INTO walletidentifiers (WalletID,IdentifierID,Identifier,TouchedBy,TouchedAt) VALUES (224,2,'1000003346','root@localhost','2014-04-10 14:05:06.');
INSERT INTO walletidentifiers (WalletID,IdentifierID,Identifier,TouchedBy,TouchedAt) VALUES (225,1,'1284650794234240','root@localhost','2014-04-10 14:04:51.');
INSERT INTO walletidentifiers (WalletID,IdentifierID,Identifier,TouchedBy,TouchedAt) VALUES (225,2,'1000003316','root@localhost','2014-04-10 14:05:06.');
INSERT INTO walletidentifiers (WalletID,IdentifierID,Identifier,TouchedBy,TouchedAt) VALUES (226,1,'1257296147526016','root@localhost','2014-04-10 14:04:51.');
INSERT INTO walletidentifiers (WalletID,IdentifierID,Identifier,TouchedBy,TouchedAt) VALUES (226,2,'1000003345','root@localhost','2014-04-10 14:05:06.');
INSERT INTO walletidentifiers (WalletID,IdentifierID,Identifier,TouchedBy,TouchedAt) VALUES (227,1,'1220913889159552','root@localhost','2014-04-10 14:04:51.');
INSERT INTO walletidentifiers (WalletID,IdentifierID,Identifier,TouchedBy,TouchedAt) VALUES (227,2,'1000003340','root@localhost','2014-04-10 14:05:06.');
INSERT INTO walletidentifiers (WalletID,IdentifierID,Identifier,TouchedBy,TouchedAt) VALUES (228,1,'1205580855912832','root@localhost','2014-04-10 14:04:51.');
INSERT INTO walletidentifiers (WalletID,IdentifierID,Identifier,TouchedBy,TouchedAt) VALUES (228,2,'1000002588','root@localhost','2014-04-10 14:05:06.');
INSERT INTO walletidentifiers (WalletID,IdentifierID,Identifier,TouchedBy,TouchedAt) VALUES (229,1,'1168867065868672','root@localhost','2014-04-10 14:04:51.');
INSERT INTO walletidentifiers (WalletID,IdentifierID,Identifier,TouchedBy,TouchedAt) VALUES (229,2,'1000002541','root@localhost','2014-04-10 14:05:06.');
INSERT INTO walletidentifiers (WalletID,IdentifierID,Identifier,TouchedBy,TouchedAt) VALUES (232,1,'1201152744630656','root@localhost','2014-04-10 14:04:51.');
INSERT INTO walletidentifiers (WalletID,IdentifierID,Identifier,TouchedBy,TouchedAt) VALUES (232,2,'1000003339','root@localhost','2014-04-10 14:05:06.');
INSERT INTO walletidentifiers (WalletID,IdentifierID,Identifier,TouchedBy,TouchedAt) VALUES (233,1,'1241825675325824','root@localhost','2014-04-10 14:04:51.');
INSERT INTO walletidentifiers (WalletID,IdentifierID,Identifier,TouchedBy,TouchedAt) VALUES (233,2,'1000002499','root@localhost','2014-04-10 14:05:06.');
INSERT INTO walletidentifiers (WalletID,IdentifierID,Identifier,TouchedBy,TouchedAt) VALUES (234,1,'1240606314211712','root@localhost','2014-04-10 14:04:51.');
INSERT INTO walletidentifiers (WalletID,IdentifierID,Identifier,TouchedBy,TouchedAt) VALUES (234,2,'1000002572','root@localhost','2014-04-10 14:05:06.');
INSERT INTO walletidentifiers (WalletID,IdentifierID,Identifier,TouchedBy,TouchedAt) VALUES (262,1,'1204598777786752','root@localhost','2014-04-10 14:04:51.');
INSERT INTO walletidentifiers (WalletID,IdentifierID,Identifier,TouchedBy,TouchedAt) VALUES (262,2,'1000002496','root@localhost','2014-04-10 14:05:06.');
INSERT INTO walletidentifiers (WalletID,IdentifierID,Identifier,TouchedBy,TouchedAt) VALUES (277,1,'1155849429592448','root@localhost','2014-04-10 14:04:51.');
INSERT INTO walletidentifiers (WalletID,IdentifierID,Identifier,TouchedBy,TouchedAt) VALUES (277,2,'1000002553','root@localhost','2014-04-10 14:05:06.');
INSERT INTO walletidentifiers (WalletID,IdentifierID,Identifier,TouchedBy,TouchedAt) VALUES (279,1,'1150596140773760','root@localhost','2014-04-10 14:04:51.');
INSERT INTO walletidentifiers (WalletID,IdentifierID,Identifier,TouchedBy,TouchedAt) VALUES (279,2,'1000002599','root@localhost','2014-04-10 14:05:06.');
INSERT INTO walletidentifiers (WalletID,IdentifierID,Identifier,TouchedBy,TouchedAt) VALUES (287,1,'1197557716889984','root@localhost','2014-04-10 14:04:51.');
INSERT INTO walletidentifiers (WalletID,IdentifierID,Identifier,TouchedBy,TouchedAt) VALUES (287,2,'1020000539','root@localhost','2014-04-10 14:05:06.');
INSERT INTO walletidentifiers (WalletID,IdentifierID,Identifier,TouchedBy,TouchedAt) VALUES (288,1,'1181168255906176','root@localhost','2014-04-10 14:04:51.');
INSERT INTO walletidentifiers (WalletID,IdentifierID,Identifier,TouchedBy,TouchedAt) VALUES (288,2,'1020000540','root@localhost','2014-04-10 14:05:06.');
INSERT INTO walletidentifiers (WalletID,IdentifierID,Identifier,TouchedBy,TouchedAt) VALUES (289,1,'1263648673640832','root@localhost','2014-04-10 14:04:51.');
INSERT INTO walletidentifiers (WalletID,IdentifierID,Identifier,TouchedBy,TouchedAt) VALUES (289,2,'1020000541','root@localhost','2014-04-10 14:05:06.');
INSERT INTO walletidentifiers (WalletID,IdentifierID,Identifier,TouchedBy,TouchedAt) VALUES (297,1,'1293274955395456','root@localhost','2014-04-10 14:04:51.');
INSERT INTO walletidentifiers (WalletID,IdentifierID,Identifier,TouchedBy,TouchedAt) VALUES (297,2,'1020000556','root@localhost','2014-04-10 14:05:06.');
INSERT INTO walletidentifiers (WalletID,IdentifierID,Identifier,TouchedBy,TouchedAt) VALUES (298,1,'1211739162030464','root@localhost','2014-04-10 14:04:51.');
INSERT INTO walletidentifiers (WalletID,IdentifierID,Identifier,TouchedBy,TouchedAt) VALUES (298,2,'1020000557','root@localhost','2014-04-10 14:05:06.');
INSERT INTO walletidentifiers (WalletID,IdentifierID,Identifier,TouchedBy,TouchedAt) VALUES (299,1,'1131758817915264','root@localhost','2014-04-10 14:04:51.');
INSERT INTO walletidentifiers (WalletID,IdentifierID,Identifier,TouchedBy,TouchedAt) VALUES (299,2,'1020000558','root@localhost','2014-04-10 14:05:06.');
INSERT INTO walletidentifiers (WalletID,IdentifierID,Identifier,TouchedBy,TouchedAt) VALUES (301,1,'1199066732441728','root@localhost','2014-04-10 14:04:51.');
INSERT INTO walletidentifiers (WalletID,IdentifierID,Identifier,TouchedBy,TouchedAt) VALUES (301,2,'1030000023','root@localhost','2014-04-10 14:05:06.');
INSERT INTO walletidentifiers (WalletID,IdentifierID,Identifier,TouchedBy,TouchedAt) VALUES (302,1,'1220764907221120','root@localhost','2014-04-10 14:04:51.');
INSERT INTO walletidentifiers (WalletID,IdentifierID,Identifier,TouchedBy,TouchedAt) VALUES (302,2,'1030000024','root@localhost','2014-04-10 14:05:06.');
INSERT INTO walletidentifiers (WalletID,IdentifierID,Identifier,TouchedBy,TouchedAt) VALUES (303,1,'1271551009763712','root@localhost','2014-04-10 14:04:51.');
INSERT INTO walletidentifiers (WalletID,IdentifierID,Identifier,TouchedBy,TouchedAt) VALUES (303,2,'1030000025','root@localhost','2014-04-10 14:05:06.');
INSERT INTO walletidentifiers (WalletID,IdentifierID,Identifier,TouchedBy,TouchedAt) VALUES (304,1,'1227515113779584','root@localhost','2014-04-10 14:04:51.');
INSERT INTO walletidentifiers (WalletID,IdentifierID,Identifier,TouchedBy,TouchedAt) VALUES (304,2,'1020000559','root@localhost','2014-04-10 14:05:06.');
INSERT INTO walletidentifiers (WalletID,IdentifierID,Identifier,TouchedBy,TouchedAt) VALUES (306,1,'1225406284837248','root@localhost','2014-04-10 14:04:51.');
INSERT INTO walletidentifiers (WalletID,IdentifierID,Identifier,TouchedBy,TouchedAt) VALUES (306,2,'1020000569','root@localhost','2014-04-10 14:05:06.');
INSERT INTO walletidentifiers (WalletID,IdentifierID,Identifier,TouchedBy,TouchedAt) VALUES (307,1,'1219771287744896','root@localhost','2014-04-10 14:04:51.');
INSERT INTO walletidentifiers (WalletID,IdentifierID,Identifier,TouchedBy,TouchedAt) VALUES (307,2,'1020000580','root@localhost','2014-04-10 14:05:06.');
INSERT INTO walletidentifiers (WalletID,IdentifierID,Identifier,TouchedBy,TouchedAt) VALUES (309,1,'1289107493826944','root@localhost','2014-04-10 14:04:51.');
INSERT INTO walletidentifiers (WalletID,IdentifierID,Identifier,TouchedBy,TouchedAt) VALUES (309,2,'1030000026','root@localhost','2014-04-10 14:05:06.');
INSERT INTO walletidentifiers (WalletID,IdentifierID,Identifier,TouchedBy,TouchedAt) VALUES (310,1,'1186752651800960','root@localhost','2014-04-10 14:04:51.');
INSERT INTO walletidentifiers (WalletID,IdentifierID,Identifier,TouchedBy,TouchedAt) VALUES (310,2,'1030000027','root@localhost','2014-04-10 14:05:06.');
INSERT INTO walletidentifiers (WalletID,IdentifierID,Identifier,TouchedBy,TouchedAt) VALUES (312,1,'1217779495547264','root@localhost','2014-04-10 14:04:51.');
INSERT INTO walletidentifiers (WalletID,IdentifierID,Identifier,TouchedBy,TouchedAt) VALUES (312,2,'1030000030','root@localhost','2014-04-10 14:05:06.');
INSERT INTO walletidentifiers (WalletID,IdentifierID,Identifier,TouchedBy,TouchedAt) VALUES (313,1,'1178926282977664','root@localhost','2014-04-10 14:04:51.');
INSERT INTO walletidentifiers (WalletID,IdentifierID,Identifier,TouchedBy,TouchedAt) VALUES (313,2,'1020000581','root@localhost','2014-04-10 14:05:06.');
INSERT INTO walletidentifiers (WalletID,IdentifierID,Identifier,TouchedBy,TouchedAt) VALUES (314,1,'1236096592654720','root@localhost','2014-04-10 14:04:51.');
INSERT INTO walletidentifiers (WalletID,IdentifierID,Identifier,TouchedBy,TouchedAt) VALUES (314,2,'1020000579','root@localhost','2014-04-10 14:05:06.');



INSERT INTO wallets (WalletID,PersonID,DateExpires,IsBad,IsRegistered,IsThirdParty,LoadSequence,OrganizationID,PurposeID,Status,MediaID,TouchedBy,TouchedAt) VALUES (9,11,'2017-12-22 00:00:00.','N','N','N',2,null,1,0,3,'root@localhost','2014-04-02 11:51:53.');
INSERT INTO wallets (WalletID,PersonID,DateExpires,IsBad,IsRegistered,IsThirdParty,LoadSequence,OrganizationID,PurposeID,Status,MediaID,TouchedBy,TouchedAt) VALUES (10,19,'2017-12-22 00:00:00.','N','Y','N',2,null,1,0,3,'root@localhost','2014-04-02 11:51:53.');
INSERT INTO wallets (WalletID,PersonID,DateExpires,IsBad,IsRegistered,IsThirdParty,LoadSequence,OrganizationID,PurposeID,Status,MediaID,TouchedBy,TouchedAt) VALUES (11,11,'2017-12-22 00:00:00.','N','N','N',0,null,1,0,3,'root@localhost','2014-04-02 11:51:53.');
INSERT INTO wallets (WalletID,PersonID,DateExpires,IsBad,IsRegistered,IsThirdParty,LoadSequence,OrganizationID,PurposeID,Status,MediaID,TouchedBy,TouchedAt) VALUES (12,11,'2017-12-25 00:00:00.','N','N','N',4,null,1,0,3,'root@localhost','2014-04-02 11:51:53.');
INSERT INTO wallets (WalletID,PersonID,DateExpires,IsBad,IsRegistered,IsThirdParty,LoadSequence,OrganizationID,PurposeID,Status,MediaID,TouchedBy,TouchedAt) VALUES (14,11,'2017-12-26 00:00:00.','N','Y','N',2,null,1,0,3,'root@localhost','2014-04-02 11:51:53.');
INSERT INTO wallets (WalletID,PersonID,DateExpires,IsBad,IsRegistered,IsThirdParty,LoadSequence,OrganizationID,PurposeID,Status,MediaID,TouchedBy,TouchedAt) VALUES (20,144,'2017-12-30 15:12:15.','N','Y','N',3,null,1,0,3,'root@localhost','2014-04-02 11:51:53.');
INSERT INTO wallets (WalletID,PersonID,DateExpires,IsBad,IsRegistered,IsThirdParty,LoadSequence,OrganizationID,PurposeID,Status,MediaID,TouchedBy,TouchedAt) VALUES (23,5,'2018-01-02 14:43:14.','N','Y','N',3,null,1,0,3,'root@localhost','2014-04-02 11:51:53.');
INSERT INTO wallets (WalletID,PersonID,DateExpires,IsBad,IsRegistered,IsThirdParty,LoadSequence,OrganizationID,PurposeID,Status,MediaID,TouchedBy,TouchedAt) VALUES (24,5,'2018-01-02 14:43:30.','N','Y','N',2,null,1,0,3,'root@localhost','2014-04-02 11:51:53.');
INSERT INTO wallets (WalletID,PersonID,DateExpires,IsBad,IsRegistered,IsThirdParty,LoadSequence,OrganizationID,PurposeID,Status,MediaID,TouchedBy,TouchedAt) VALUES (25,5,'2018-01-02 14:43:45.','N','Y','N',2,null,1,0,3,'root@localhost','2014-04-02 11:51:53.');
INSERT INTO wallets (WalletID,PersonID,DateExpires,IsBad,IsRegistered,IsThirdParty,LoadSequence,OrganizationID,PurposeID,Status,MediaID,TouchedBy,TouchedAt) VALUES (26,11,'2018-01-02 14:46:24.','N','Y','N',3,null,1,0,3,'root@localhost','2014-04-02 11:51:53.');
INSERT INTO wallets (WalletID,PersonID,DateExpires,IsBad,IsRegistered,IsThirdParty,LoadSequence,OrganizationID,PurposeID,Status,MediaID,TouchedBy,TouchedAt) VALUES (27,5,'2018-01-02 14:52:29.','N','Y','N',4,null,1,0,3,'root@localhost','2014-04-02 11:51:53.');
INSERT INTO wallets (WalletID,PersonID,DateExpires,IsBad,IsRegistered,IsThirdParty,LoadSequence,OrganizationID,PurposeID,Status,MediaID,TouchedBy,TouchedAt) VALUES (28,5,'2018-01-02 14:52:44.','N','Y','N',2,null,1,0,3,'root@localhost','2014-04-02 11:51:53.');
INSERT INTO wallets (WalletID,PersonID,DateExpires,IsBad,IsRegistered,IsThirdParty,LoadSequence,OrganizationID,PurposeID,Status,MediaID,TouchedBy,TouchedAt) VALUES (29,5,'2018-01-02 15:08:59.','N','Y','N',5,null,1,0,3,'root@localhost','2014-04-02 11:51:53.');
INSERT INTO wallets (WalletID,PersonID,DateExpires,IsBad,IsRegistered,IsThirdParty,LoadSequence,OrganizationID,PurposeID,Status,MediaID,TouchedBy,TouchedAt) VALUES (30,11,'2018-01-05 15:24:12.','N','Y','N',2,null,1,0,3,'root@localhost','2014-04-02 11:51:53.');
INSERT INTO wallets (WalletID,PersonID,DateExpires,IsBad,IsRegistered,IsThirdParty,LoadSequence,OrganizationID,PurposeID,Status,MediaID,TouchedBy,TouchedAt) VALUES (33,11,'2018-01-11 10:19:35.','N','Y','N',2,null,1,0,3,'root@localhost','2014-04-02 11:51:53.');
INSERT INTO wallets (WalletID,PersonID,DateExpires,IsBad,IsRegistered,IsThirdParty,LoadSequence,OrganizationID,PurposeID,Status,MediaID,TouchedBy,TouchedAt) VALUES (34,11,'2018-01-08 13:36:05.','N','Y','N',2,null,1,0,3,'root@localhost','2014-04-02 11:51:53.');
INSERT INTO wallets (WalletID,PersonID,DateExpires,IsBad,IsRegistered,IsThirdParty,LoadSequence,OrganizationID,PurposeID,Status,MediaID,TouchedBy,TouchedAt) VALUES (35,11,'2018-01-08 15:50:04.','N','Y','N',2,null,1,0,3,'root@localhost','2014-04-02 11:51:53.');
INSERT INTO wallets (WalletID,PersonID,DateExpires,IsBad,IsRegistered,IsThirdParty,LoadSequence,OrganizationID,PurposeID,Status,MediaID,TouchedBy,TouchedAt) VALUES (38,11,'2018-01-09 14:18:41.','N','N','N',0,null,1,0,3,'root@localhost','2014-04-02 11:51:53.');
INSERT INTO wallets (WalletID,PersonID,DateExpires,IsBad,IsRegistered,IsThirdParty,LoadSequence,OrganizationID,PurposeID,Status,MediaID,TouchedBy,TouchedAt) VALUES (40,11,'2018-01-15 11:23:34.','N','N','N',0,null,1,0,3,'root@localhost','2014-04-02 11:51:53.');
INSERT INTO wallets (WalletID,PersonID,DateExpires,IsBad,IsRegistered,IsThirdParty,LoadSequence,OrganizationID,PurposeID,Status,MediaID,TouchedBy,TouchedAt) VALUES (41,11,'2018-01-17 10:29:07.','N','N','N',0,null,1,0,3,'root@localhost','2014-04-02 11:51:53.');
INSERT INTO wallets (WalletID,PersonID,DateExpires,IsBad,IsRegistered,IsThirdParty,LoadSequence,OrganizationID,PurposeID,Status,MediaID,TouchedBy,TouchedAt) VALUES (42,11,'2018-01-17 11:23:49.','N','N','N',0,null,1,0,3,'root@localhost','2014-04-02 11:51:53.');
INSERT INTO wallets (WalletID,PersonID,DateExpires,IsBad,IsRegistered,IsThirdParty,LoadSequence,OrganizationID,PurposeID,Status,MediaID,TouchedBy,TouchedAt) VALUES (43,11,'2018-01-17 11:23:30.','N','N','N',0,null,1,0,3,'root@localhost','2014-04-02 11:51:53.');
INSERT INTO wallets (WalletID,PersonID,DateExpires,IsBad,IsRegistered,IsThirdParty,LoadSequence,OrganizationID,PurposeID,Status,MediaID,TouchedBy,TouchedAt) VALUES (44,11,'2018-01-22 16:50:23.','N','N','N',4,null,1,0,3,'root@localhost','2014-04-02 11:51:53.');
INSERT INTO wallets (WalletID,PersonID,DateExpires,IsBad,IsRegistered,IsThirdParty,LoadSequence,OrganizationID,PurposeID,Status,MediaID,TouchedBy,TouchedAt) VALUES (46,14,'2018-01-24 15:49:01.','N','Y','N',1,null,1,0,3,'root@localhost','2014-04-02 11:51:53.');
INSERT INTO wallets (WalletID,PersonID,DateExpires,IsBad,IsRegistered,IsThirdParty,LoadSequence,OrganizationID,PurposeID,Status,MediaID,TouchedBy,TouchedAt) VALUES (49,11,'2018-01-28 13:14:48.','N','Y','N',9,null,1,0,3,'root@localhost','2014-04-02 11:51:53.');
INSERT INTO wallets (WalletID,PersonID,DateExpires,IsBad,IsRegistered,IsThirdParty,LoadSequence,OrganizationID,PurposeID,Status,MediaID,TouchedBy,TouchedAt) VALUES (53,14,'2018-01-29 13:04:17.','N','Y','N',2,null,1,0,3,'root@localhost','2014-04-02 11:51:53.');
INSERT INTO wallets (WalletID,PersonID,DateExpires,IsBad,IsRegistered,IsThirdParty,LoadSequence,OrganizationID,PurposeID,Status,MediaID,TouchedBy,TouchedAt) VALUES (59,2,'2018-01-27 13:37:36.','N','N','N',1,null,1,0,3,'root@localhost','2014-04-02 11:51:53.');
INSERT INTO wallets (WalletID,PersonID,DateExpires,IsBad,IsRegistered,IsThirdParty,LoadSequence,OrganizationID,PurposeID,Status,MediaID,TouchedBy,TouchedAt) VALUES (63,2,'2018-01-27 13:56:32.','Y','Y','N',2,null,1,0,3,'root@localhost','2014-04-02 11:51:53.');
INSERT INTO wallets (WalletID,PersonID,DateExpires,IsBad,IsRegistered,IsThirdParty,LoadSequence,OrganizationID,PurposeID,Status,MediaID,TouchedBy,TouchedAt) VALUES (64,14,'2018-01-30 13:23:24.','N','Y','N',6,null,1,0,3,'root@localhost','2014-04-02 11:51:53.');
INSERT INTO wallets (WalletID,PersonID,DateExpires,IsBad,IsRegistered,IsThirdParty,LoadSequence,OrganizationID,PurposeID,Status,MediaID,TouchedBy,TouchedAt) VALUES (65,14,'2018-01-31 14:59:17.','N','Y','N',3,null,1,0,3,'root@localhost','2014-04-02 11:51:53.');
INSERT INTO wallets (WalletID,PersonID,DateExpires,IsBad,IsRegistered,IsThirdParty,LoadSequence,OrganizationID,PurposeID,Status,MediaID,TouchedBy,TouchedAt) VALUES (69,14,'2018-02-10 14:50:51.','N','N','N',1,null,1,0,3,'root@localhost','2014-04-02 11:51:53.');
INSERT INTO wallets (WalletID,PersonID,DateExpires,IsBad,IsRegistered,IsThirdParty,LoadSequence,OrganizationID,PurposeID,Status,MediaID,TouchedBy,TouchedAt) VALUES (71,76,'2018-02-14 13:17:56.','N','Y','N',3,null,1,0,3,'root@localhost','2014-04-02 11:51:53.');
INSERT INTO wallets (WalletID,PersonID,DateExpires,IsBad,IsRegistered,IsThirdParty,LoadSequence,OrganizationID,PurposeID,Status,MediaID,TouchedBy,TouchedAt) VALUES (72,192,'2018-02-15 09:06:34.','N','N','N',0,null,1,0,3,'root@localhost','2014-04-02 11:51:53.');
INSERT INTO wallets (WalletID,PersonID,DateExpires,IsBad,IsRegistered,IsThirdParty,LoadSequence,OrganizationID,PurposeID,Status,MediaID,TouchedBy,TouchedAt) VALUES (74,111,'2018-02-15 12:22:01.','N','Y','N',1,null,1,0,3,'root@localhost','2014-04-02 11:51:53.');
INSERT INTO wallets (WalletID,PersonID,DateExpires,IsBad,IsRegistered,IsThirdParty,LoadSequence,OrganizationID,PurposeID,Status,MediaID,TouchedBy,TouchedAt) VALUES (75,113,'2018-02-15 12:24:03.','N','Y','N',1,null,1,0,3,'root@localhost','2014-04-02 11:51:53.');
INSERT INTO wallets (WalletID,PersonID,DateExpires,IsBad,IsRegistered,IsThirdParty,LoadSequence,OrganizationID,PurposeID,Status,MediaID,TouchedBy,TouchedAt) VALUES (119,115,'2018-02-15 13:49:20.','N','Y','N',3,null,1,0,3,'root@localhost','2014-04-02 11:51:53.');
INSERT INTO wallets (WalletID,PersonID,DateExpires,IsBad,IsRegistered,IsThirdParty,LoadSequence,OrganizationID,PurposeID,Status,MediaID,TouchedBy,TouchedAt) VALUES (120,111,'2018-02-15 13:59:17.','N','Y','N',2,null,1,0,3,'root@localhost','2014-04-02 11:51:53.');
INSERT INTO wallets (WalletID,PersonID,DateExpires,IsBad,IsRegistered,IsThirdParty,LoadSequence,OrganizationID,PurposeID,Status,MediaID,TouchedBy,TouchedAt) VALUES (121,113,'2018-02-15 14:50:34.','N','Y','N',3,null,1,0,3,'root@localhost','2014-04-02 11:51:53.');
INSERT INTO wallets (WalletID,PersonID,DateExpires,IsBad,IsRegistered,IsThirdParty,LoadSequence,OrganizationID,PurposeID,Status,MediaID,TouchedBy,TouchedAt) VALUES (122,116,'2018-02-15 15:14:34.','N','Y','N',3,null,1,0,3,'root@localhost','2014-04-02 11:51:53.');
INSERT INTO wallets (WalletID,PersonID,DateExpires,IsBad,IsRegistered,IsThirdParty,LoadSequence,OrganizationID,PurposeID,Status,MediaID,TouchedBy,TouchedAt) VALUES (126,76,'2018-02-18 10:30:23.','N','Y','N',3,null,1,0,3,'root@localhost','2014-04-02 11:51:53.');
INSERT INTO wallets (WalletID,PersonID,DateExpires,IsBad,IsRegistered,IsThirdParty,LoadSequence,OrganizationID,PurposeID,Status,MediaID,TouchedBy,TouchedAt) VALUES (128,118,'2018-02-18 11:02:43.','N','Y','N',2,null,1,0,3,'root@localhost','2014-04-02 11:51:53.');
INSERT INTO wallets (WalletID,PersonID,DateExpires,IsBad,IsRegistered,IsThirdParty,LoadSequence,OrganizationID,PurposeID,Status,MediaID,TouchedBy,TouchedAt) VALUES (129,76,'2018-02-18 15:55:26.','N','Y','N',4,null,1,0,3,'root@localhost','2014-04-02 11:51:53.');
INSERT INTO wallets (WalletID,PersonID,DateExpires,IsBad,IsRegistered,IsThirdParty,LoadSequence,OrganizationID,PurposeID,Status,MediaID,TouchedBy,TouchedAt) VALUES (131,111,'2018-02-19 16:58:44.','N','Y','N',2,null,1,0,3,'root@localhost','2014-04-02 11:51:53.');
INSERT INTO wallets (WalletID,PersonID,DateExpires,IsBad,IsRegistered,IsThirdParty,LoadSequence,OrganizationID,PurposeID,Status,MediaID,TouchedBy,TouchedAt) VALUES (132,111,'2018-02-19 17:23:25.','N','Y','N',3,null,1,0,3,'root@localhost','2014-04-02 11:51:53.');
INSERT INTO wallets (WalletID,PersonID,DateExpires,IsBad,IsRegistered,IsThirdParty,LoadSequence,OrganizationID,PurposeID,Status,MediaID,TouchedBy,TouchedAt) VALUES (137,113,'2018-02-19 18:48:04.','N','Y','N',3,null,1,0,3,'root@localhost','2014-04-02 11:51:53.');
INSERT INTO wallets (WalletID,PersonID,DateExpires,IsBad,IsRegistered,IsThirdParty,LoadSequence,OrganizationID,PurposeID,Status,MediaID,TouchedBy,TouchedAt) VALUES (138,121,'2019-02-19 18:56:17.','N','Y','N',1,null,1,0,3,'root@localhost','2014-04-02 11:51:53.');
INSERT INTO wallets (WalletID,PersonID,DateExpires,IsBad,IsRegistered,IsThirdParty,LoadSequence,OrganizationID,PurposeID,Status,MediaID,TouchedBy,TouchedAt) VALUES (143,124,'2018-02-20 10:07:29.','N','Y','N',2,null,1,0,3,'root@localhost','2014-04-02 11:51:53.');
INSERT INTO wallets (WalletID,PersonID,DateExpires,IsBad,IsRegistered,IsThirdParty,LoadSequence,OrganizationID,PurposeID,Status,MediaID,TouchedBy,TouchedAt) VALUES (147,126,'2018-02-20 10:47:03.','N','Y','N',3,null,1,0,3,'root@localhost','2014-04-02 11:51:53.');
INSERT INTO wallets (WalletID,PersonID,DateExpires,IsBad,IsRegistered,IsThirdParty,LoadSequence,OrganizationID,PurposeID,Status,MediaID,TouchedBy,TouchedAt) VALUES (149,127,'2018-02-20 11:24:35.','N','N','N',0,null,1,0,3,'root@localhost','2014-04-02 11:51:53.');
INSERT INTO wallets (WalletID,PersonID,DateExpires,IsBad,IsRegistered,IsThirdParty,LoadSequence,OrganizationID,PurposeID,Status,MediaID,TouchedBy,TouchedAt) VALUES (151,129,'2018-02-19 00:00:00.','N','Y','N',4,null,1,0,3,'root@localhost','2014-04-02 11:51:53.');
INSERT INTO wallets (WalletID,PersonID,DateExpires,IsBad,IsRegistered,IsThirdParty,LoadSequence,OrganizationID,PurposeID,Status,MediaID,TouchedBy,TouchedAt) VALUES (152,129,'2018-02-19 00:00:00.','Y','Y','N',5,null,1,0,3,'root@localhost','2014-04-02 11:51:53.');
INSERT INTO wallets (WalletID,PersonID,DateExpires,IsBad,IsRegistered,IsThirdParty,LoadSequence,OrganizationID,PurposeID,Status,MediaID,TouchedBy,TouchedAt) VALUES (153,129,'2018-02-19 00:00:00.','N','Y','N',7,null,1,0,3,'root@localhost','2014-04-02 11:51:53.');
INSERT INTO wallets (WalletID,PersonID,DateExpires,IsBad,IsRegistered,IsThirdParty,LoadSequence,OrganizationID,PurposeID,Status,MediaID,TouchedBy,TouchedAt) VALUES (154,129,'2018-02-19 00:00:00.','N','Y','N',6,null,1,0,3,'root@localhost','2014-04-02 11:51:53.');
INSERT INTO wallets (WalletID,PersonID,DateExpires,IsBad,IsRegistered,IsThirdParty,LoadSequence,OrganizationID,PurposeID,Status,MediaID,TouchedBy,TouchedAt) VALUES (162,132,'2018-02-21 13:05:40.','N','N','N',0,null,1,0,3,'root@localhost','2014-04-02 11:51:53.');
INSERT INTO wallets (WalletID,PersonID,DateExpires,IsBad,IsRegistered,IsThirdParty,LoadSequence,OrganizationID,PurposeID,Status,MediaID,TouchedBy,TouchedAt) VALUES (164,133,'2018-02-23 00:00:00.','Y','Y','N',5,null,1,0,3,'root@localhost','2014-04-02 11:51:53.');
INSERT INTO wallets (WalletID,PersonID,DateExpires,IsBad,IsRegistered,IsThirdParty,LoadSequence,OrganizationID,PurposeID,Status,MediaID,TouchedBy,TouchedAt) VALUES (165,133,'2018-02-23 00:00:00.','Y','Y','N',5,null,1,0,3,'root@localhost','2014-04-02 11:51:53.');
INSERT INTO wallets (WalletID,PersonID,DateExpires,IsBad,IsRegistered,IsThirdParty,LoadSequence,OrganizationID,PurposeID,Status,MediaID,TouchedBy,TouchedAt) VALUES (166,133,'2018-02-23 00:00:00.','Y','Y','N',6,null,1,0,3,'root@localhost','2014-04-02 11:51:53.');
INSERT INTO wallets (WalletID,PersonID,DateExpires,IsBad,IsRegistered,IsThirdParty,LoadSequence,OrganizationID,PurposeID,Status,MediaID,TouchedBy,TouchedAt) VALUES (167,133,'2018-02-23 00:00:00.','Y','Y','N',5,null,1,0,3,'root@localhost','2014-04-02 11:51:53.');
INSERT INTO wallets (WalletID,PersonID,DateExpires,IsBad,IsRegistered,IsThirdParty,LoadSequence,OrganizationID,PurposeID,Status,MediaID,TouchedBy,TouchedAt) VALUES (168,133,'2018-02-23 00:00:00.','Y','Y','N',5,null,1,0,3,'root@localhost','2014-04-02 11:51:53.');
INSERT INTO wallets (WalletID,PersonID,DateExpires,IsBad,IsRegistered,IsThirdParty,LoadSequence,OrganizationID,PurposeID,Status,MediaID,TouchedBy,TouchedAt) VALUES (169,133,'2018-02-23 00:00:00.','Y','Y','N',6,null,1,0,3,'root@localhost','2014-04-02 11:51:53.');
INSERT INTO wallets (WalletID,PersonID,DateExpires,IsBad,IsRegistered,IsThirdParty,LoadSequence,OrganizationID,PurposeID,Status,MediaID,TouchedBy,TouchedAt) VALUES (170,133,'2018-02-23 00:00:00.','Y','Y','N',7,null,1,0,3,'root@localhost','2014-04-02 11:51:53.');
INSERT INTO wallets (WalletID,PersonID,DateExpires,IsBad,IsRegistered,IsThirdParty,LoadSequence,OrganizationID,PurposeID,Status,MediaID,TouchedBy,TouchedAt) VALUES (171,133,'2018-02-23 00:00:00.','N','Y','N',7,null,1,0,3,'root@localhost','2014-04-02 11:51:53.');
INSERT INTO wallets (WalletID,PersonID,DateExpires,IsBad,IsRegistered,IsThirdParty,LoadSequence,OrganizationID,PurposeID,Status,MediaID,TouchedBy,TouchedAt) VALUES (172,133,'2018-02-23 00:00:00.','N','Y','N',7,null,1,0,3,'root@localhost','2014-04-02 11:51:53.');
INSERT INTO wallets (WalletID,PersonID,DateExpires,IsBad,IsRegistered,IsThirdParty,LoadSequence,OrganizationID,PurposeID,Status,MediaID,TouchedBy,TouchedAt) VALUES (173,133,'2018-02-23 00:00:00.','Y','Y','N',7,null,1,0,3,'root@localhost','2014-04-02 11:51:53.');
INSERT INTO wallets (WalletID,PersonID,DateExpires,IsBad,IsRegistered,IsThirdParty,LoadSequence,OrganizationID,PurposeID,Status,MediaID,TouchedBy,TouchedAt) VALUES (175,130,'2018-02-25 13:38:54.','N','Y','N',2,null,1,0,3,'root@localhost','2014-04-02 11:51:53.');
INSERT INTO wallets (WalletID,PersonID,DateExpires,IsBad,IsRegistered,IsThirdParty,LoadSequence,OrganizationID,PurposeID,Status,MediaID,TouchedBy,TouchedAt) VALUES (176,130,'2018-02-25 13:49:23.','N','Y','N',4,null,1,0,3,'root@localhost','2014-04-02 11:51:53.');
INSERT INTO wallets (WalletID,PersonID,DateExpires,IsBad,IsRegistered,IsThirdParty,LoadSequence,OrganizationID,PurposeID,Status,MediaID,TouchedBy,TouchedAt) VALUES (177,132,'2018-02-25 14:20:59.','N','Y','N',3,null,1,0,3,'root@localhost','2014-04-02 11:51:53.');
INSERT INTO wallets (WalletID,PersonID,DateExpires,IsBad,IsRegistered,IsThirdParty,LoadSequence,OrganizationID,PurposeID,Status,MediaID,TouchedBy,TouchedAt) VALUES (180,130,'2019-02-26 09:55:35.','N','N','N',0,null,1,0,3,'root@localhost','2014-04-02 11:51:53.');
INSERT INTO wallets (WalletID,PersonID,DateExpires,IsBad,IsRegistered,IsThirdParty,LoadSequence,OrganizationID,PurposeID,Status,MediaID,TouchedBy,TouchedAt) VALUES (185,149,'2018-02-26 15:54:40.','N','Y','N',2,null,1,0,3,'root@localhost','2014-04-02 11:51:53.');
INSERT INTO wallets (WalletID,PersonID,DateExpires,IsBad,IsRegistered,IsThirdParty,LoadSequence,OrganizationID,PurposeID,Status,MediaID,TouchedBy,TouchedAt) VALUES (187,51,'2019-02-26 16:18:26.','N','N','N',4,null,1,0,3,'root@localhost','2014-04-02 11:51:53.');
INSERT INTO wallets (WalletID,PersonID,DateExpires,IsBad,IsRegistered,IsThirdParty,LoadSequence,OrganizationID,PurposeID,Status,MediaID,TouchedBy,TouchedAt) VALUES (190,130,'2018-02-27 09:43:05.','N','Y','N',2,null,1,0,3,'root@localhost','2014-04-02 11:51:53.');
INSERT INTO wallets (WalletID,PersonID,DateExpires,IsBad,IsRegistered,IsThirdParty,LoadSequence,OrganizationID,PurposeID,Status,MediaID,TouchedBy,TouchedAt) VALUES (200,11,'2018-02-27 10:12:22.','N','Y','N',2,null,1,0,3,'root@localhost','2014-04-02 11:51:53.');
INSERT INTO wallets (WalletID,PersonID,DateExpires,IsBad,IsRegistered,IsThirdParty,LoadSequence,OrganizationID,PurposeID,Status,MediaID,TouchedBy,TouchedAt) VALUES (212,130,'2018-03-03 14:52:24.','Y','N','N',1,null,1,0,3,'root@localhost','2014-04-02 11:51:53.');
INSERT INTO wallets (WalletID,PersonID,DateExpires,IsBad,IsRegistered,IsThirdParty,LoadSequence,OrganizationID,PurposeID,Status,MediaID,TouchedBy,TouchedAt) VALUES (215,53,'2018-03-03 14:52:55.','N','Y','N',3,null,1,0,3,'root@localhost','2014-04-02 11:51:53.');
INSERT INTO wallets (WalletID,PersonID,DateExpires,IsBad,IsRegistered,IsThirdParty,LoadSequence,OrganizationID,PurposeID,Status,MediaID,TouchedBy,TouchedAt) VALUES (216,51,'2018-03-03 14:53:06.','N','N','N',0,null,1,0,3,'root@localhost','2014-04-02 11:51:53.');
INSERT INTO wallets (WalletID,PersonID,DateExpires,IsBad,IsRegistered,IsThirdParty,LoadSequence,OrganizationID,PurposeID,Status,MediaID,TouchedBy,TouchedAt) VALUES (218,11,'2018-03-03 16:46:28.','N','Y','N',5,null,1,0,3,'root@localhost','2014-04-02 11:51:53.');
INSERT INTO wallets (WalletID,PersonID,DateExpires,IsBad,IsRegistered,IsThirdParty,LoadSequence,OrganizationID,PurposeID,Status,MediaID,TouchedBy,TouchedAt) VALUES (219,131,'2018-03-04 08:51:00.','N','Y','N',2,null,1,0,3,'root@localhost','2014-04-02 11:51:53.');
INSERT INTO wallets (WalletID,PersonID,DateExpires,IsBad,IsRegistered,IsThirdParty,LoadSequence,OrganizationID,PurposeID,Status,MediaID,TouchedBy,TouchedAt) VALUES (220,11,'2018-03-04 10:51:15.','N','Y','N',3,null,1,0,3,'root@localhost','2014-04-02 11:51:53.');
INSERT INTO wallets (WalletID,PersonID,DateExpires,IsBad,IsRegistered,IsThirdParty,LoadSequence,OrganizationID,PurposeID,Status,MediaID,TouchedBy,TouchedAt) VALUES (221,11,'2018-03-04 10:51:25.','N','Y','N',3,null,1,0,3,'root@localhost','2014-04-02 11:51:53.');
INSERT INTO wallets (WalletID,PersonID,DateExpires,IsBad,IsRegistered,IsThirdParty,LoadSequence,OrganizationID,PurposeID,Status,MediaID,TouchedBy,TouchedAt) VALUES (222,11,'2018-03-04 10:51:06.','N','Y','N',4,null,1,0,3,'root@localhost','2014-04-02 11:51:53.');
INSERT INTO wallets (WalletID,PersonID,DateExpires,IsBad,IsRegistered,IsThirdParty,LoadSequence,OrganizationID,PurposeID,Status,MediaID,TouchedBy,TouchedAt) VALUES (223,11,'2018-03-04 10:50:54.','N','Y','N',4,null,1,0,3,'root@localhost','2014-04-02 11:51:53.');
INSERT INTO wallets (WalletID,PersonID,DateExpires,IsBad,IsRegistered,IsThirdParty,LoadSequence,OrganizationID,PurposeID,Status,MediaID,TouchedBy,TouchedAt) VALUES (224,53,'2018-03-05 15:20:03.','N','Y','N',2,null,1,0,3,'root@localhost','2014-04-02 11:51:53.');
INSERT INTO wallets (WalletID,PersonID,DateExpires,IsBad,IsRegistered,IsThirdParty,LoadSequence,OrganizationID,PurposeID,Status,MediaID,TouchedBy,TouchedAt) VALUES (225,131,'2018-03-06 12:52:25.','N','Y','N',2,null,1,0,3,'root@localhost','2014-04-02 11:51:53.');
INSERT INTO wallets (WalletID,PersonID,DateExpires,IsBad,IsRegistered,IsThirdParty,LoadSequence,OrganizationID,PurposeID,Status,MediaID,TouchedBy,TouchedAt) VALUES (226,131,'2018-03-06 13:23:36.','N','Y','N',4,null,1,0,3,'root@localhost','2014-04-02 11:51:53.');
INSERT INTO wallets (WalletID,PersonID,DateExpires,IsBad,IsRegistered,IsThirdParty,LoadSequence,OrganizationID,PurposeID,Status,MediaID,TouchedBy,TouchedAt) VALUES (227,131,'2018-03-06 13:24:47.','N','Y','N',3,null,1,0,3,'root@localhost','2014-04-02 11:51:53.');
INSERT INTO wallets (WalletID,PersonID,DateExpires,IsBad,IsRegistered,IsThirdParty,LoadSequence,OrganizationID,PurposeID,Status,MediaID,TouchedBy,TouchedAt) VALUES (228,130,'2018-03-06 14:04:14.','N','Y','N',2,null,1,0,3,'root@localhost','2014-04-02 11:51:53.');
INSERT INTO wallets (WalletID,PersonID,DateExpires,IsBad,IsRegistered,IsThirdParty,LoadSequence,OrganizationID,PurposeID,Status,MediaID,TouchedBy,TouchedAt) VALUES (229,130,'2018-03-06 14:37:29.','N','Y','N',2,null,1,0,3,'root@localhost','2014-04-02 11:51:53.');
INSERT INTO wallets (WalletID,PersonID,DateExpires,IsBad,IsRegistered,IsThirdParty,LoadSequence,OrganizationID,PurposeID,Status,MediaID,TouchedBy,TouchedAt) VALUES (232,131,'2018-03-06 17:34:29.','N','Y','N',2,null,1,0,3,'root@localhost','2014-04-02 11:51:53.');
INSERT INTO wallets (WalletID,PersonID,DateExpires,IsBad,IsRegistered,IsThirdParty,LoadSequence,OrganizationID,PurposeID,Status,MediaID,TouchedBy,TouchedAt) VALUES (233,11,'2018-03-07 08:38:08.','N','Y','N',4,null,1,0,3,'root@localhost','2014-04-02 11:51:53.');
INSERT INTO wallets (WalletID,PersonID,DateExpires,IsBad,IsRegistered,IsThirdParty,LoadSequence,OrganizationID,PurposeID,Status,MediaID,TouchedBy,TouchedAt) VALUES (234,130,'2018-03-07 08:59:38.','N','N','N',0,null,1,0,3,'root@localhost','2014-04-02 11:51:53.');
INSERT INTO wallets (WalletID,PersonID,DateExpires,IsBad,IsRegistered,IsThirdParty,LoadSequence,OrganizationID,PurposeID,Status,MediaID,TouchedBy,TouchedAt) VALUES (262,130,'2018-03-11 13:00:33.','N','Y','N',1,null,1,0,3,'root@localhost','2014-04-02 11:51:53.');
INSERT INTO wallets (WalletID,PersonID,DateExpires,IsBad,IsRegistered,IsThirdParty,LoadSequence,OrganizationID,PurposeID,Status,MediaID,TouchedBy,TouchedAt) VALUES (277,130,'2018-03-15 16:24:23.','N','Y','N',2,null,1,0,3,'root@localhost','2014-04-02 11:51:53.');
INSERT INTO wallets (WalletID,PersonID,DateExpires,IsBad,IsRegistered,IsThirdParty,LoadSequence,OrganizationID,PurposeID,Status,MediaID,TouchedBy,TouchedAt) VALUES (279,166,'2018-03-15 16:59:38.','N','Y','N',2,null,1,0,3,'root@localhost','2014-04-02 11:51:53.');
INSERT INTO wallets (WalletID,PersonID,DateExpires,IsBad,IsRegistered,IsThirdParty,LoadSequence,OrganizationID,PurposeID,Status,MediaID,TouchedBy,TouchedAt) VALUES (287,189,'2018-03-19 21:14:28.','N','Y','N',3,null,1,0,3,'root@localhost','2014-04-02 11:51:53.');
INSERT INTO wallets (WalletID,PersonID,DateExpires,IsBad,IsRegistered,IsThirdParty,LoadSequence,OrganizationID,PurposeID,Status,MediaID,TouchedBy,TouchedAt) VALUES (288,189,'2018-03-19 21:19:15.','N','Y','N',3,null,1,0,3,'root@localhost','2014-04-02 11:51:53.');
INSERT INTO wallets (WalletID,PersonID,DateExpires,IsBad,IsRegistered,IsThirdParty,LoadSequence,OrganizationID,PurposeID,Status,MediaID,TouchedBy,TouchedAt) VALUES (289,189,'2018-03-19 21:21:03.','N','Y','N',3,null,1,0,3,'root@localhost','2014-04-02 11:51:53.');
INSERT INTO wallets (WalletID,PersonID,DateExpires,IsBad,IsRegistered,IsThirdParty,LoadSequence,OrganizationID,PurposeID,Status,MediaID,TouchedBy,TouchedAt) VALUES (297,193,'2018-03-20 18:22:31.','N','Y','N',5,null,1,0,3,'root@localhost','2014-04-02 11:51:53.');
INSERT INTO wallets (WalletID,PersonID,DateExpires,IsBad,IsRegistered,IsThirdParty,LoadSequence,OrganizationID,PurposeID,Status,MediaID,TouchedBy,TouchedAt) VALUES (298,193,'2018-03-20 18:24:28.','N','Y','N',5,null,1,0,3,'root@localhost','2014-04-02 11:51:53.');
INSERT INTO wallets (WalletID,PersonID,DateExpires,IsBad,IsRegistered,IsThirdParty,LoadSequence,OrganizationID,PurposeID,Status,MediaID,TouchedBy,TouchedAt) VALUES (299,193,'2018-03-20 18:26:23.','N','Y','N',5,null,1,0,3,'root@localhost','2014-04-02 11:51:53.');
INSERT INTO wallets (WalletID,PersonID,DateExpires,IsBad,IsRegistered,IsThirdParty,LoadSequence,OrganizationID,PurposeID,Status,MediaID,TouchedBy,TouchedAt) VALUES (301,194,'2018-03-21 14:31:04.','N','Y','N',8,null,1,0,3,'root@localhost','2014-04-02 11:51:53.');
INSERT INTO wallets (WalletID,PersonID,DateExpires,IsBad,IsRegistered,IsThirdParty,LoadSequence,OrganizationID,PurposeID,Status,MediaID,TouchedBy,TouchedAt) VALUES (302,195,'2018-03-21 14:31:52.','N','Y','N',5,null,1,0,3,'root@localhost','2014-04-02 11:51:53.');
INSERT INTO wallets (WalletID,PersonID,DateExpires,IsBad,IsRegistered,IsThirdParty,LoadSequence,OrganizationID,PurposeID,Status,MediaID,TouchedBy,TouchedAt) VALUES (303,197,'2018-03-21 14:32:21.','N','Y','N',4,null,1,0,3,'root@localhost','2014-04-02 11:51:53.');
INSERT INTO wallets (WalletID,PersonID,DateExpires,IsBad,IsRegistered,IsThirdParty,LoadSequence,OrganizationID,PurposeID,Status,MediaID,TouchedBy,TouchedAt) VALUES (304,196,'2018-03-21 14:33:45.','N','Y','N',3,null,1,0,3,'root@localhost','2014-04-02 11:51:53.');
INSERT INTO wallets (WalletID,PersonID,DateExpires,IsBad,IsRegistered,IsThirdParty,LoadSequence,OrganizationID,PurposeID,Status,MediaID,TouchedBy,TouchedAt) VALUES (306,196,'2018-03-21 16:26:26.','N','N','N',0,null,1,0,3,'root@localhost','2014-04-02 11:51:53.');
INSERT INTO wallets (WalletID,PersonID,DateExpires,IsBad,IsRegistered,IsThirdParty,LoadSequence,OrganizationID,PurposeID,Status,MediaID,TouchedBy,TouchedAt) VALUES (307,130,'2018-03-24 15:45:43.','N','Y','N',11,null,1,0,3,'root@localhost','2014-04-02 11:51:53.');
INSERT INTO wallets (WalletID,PersonID,DateExpires,IsBad,IsRegistered,IsThirdParty,LoadSequence,OrganizationID,PurposeID,Status,MediaID,TouchedBy,TouchedAt) VALUES (309,131,'2018-03-24 16:17:42.','N','Y','N',18,null,1,0,3,'root@localhost','2014-04-02 11:51:53.');
INSERT INTO wallets (WalletID,PersonID,DateExpires,IsBad,IsRegistered,IsThirdParty,LoadSequence,OrganizationID,PurposeID,Status,MediaID,TouchedBy,TouchedAt) VALUES (310,131,'2018-03-24 16:17:57.','N','Y','N',18,null,1,0,3,'root@localhost','2014-04-02 11:51:53.');
INSERT INTO wallets (WalletID,PersonID,DateExpires,IsBad,IsRegistered,IsThirdParty,LoadSequence,OrganizationID,PurposeID,Status,MediaID,TouchedBy,TouchedAt) VALUES (312,131,'2018-03-24 16:39:26.','N','Y','N',5,null,1,0,3,'root@localhost','2014-04-02 11:51:53.');
INSERT INTO wallets (WalletID,PersonID,DateExpires,IsBad,IsRegistered,IsThirdParty,LoadSequence,OrganizationID,PurposeID,Status,MediaID,TouchedBy,TouchedAt) VALUES (313,130,'2018-03-25 08:02:11.','N','Y','N',4,null,1,0,3,'root@localhost','2014-04-02 11:51:53.');
INSERT INTO wallets (WalletID,PersonID,DateExpires,IsBad,IsRegistered,IsThirdParty,LoadSequence,OrganizationID,PurposeID,Status,MediaID,TouchedBy,TouchedAt) VALUES (314,130,'2018-03-25 10:29:24.','N','Y','N',1,null,1,0,3,'root@localhost','2014-04-02 11:51:53.');


INSERT INTO walletcontents (WalletID,Slot,TicketID,DiscountTypeID,Priority,IsBad,datestart,DateExpires,ValueOriginal,ValueRemaining,ValueUse,SlotStatus,TouchedBy,TouchedAt) VALUES (9,1,6,null,1,'N',null,null,31.00,0.00,0.00,0,'root@localhost','2014-04-02 17:23:58.');
INSERT INTO walletcontents (WalletID,Slot,TicketID,DiscountTypeID,Priority,IsBad,datestart,DateExpires,ValueOriginal,ValueRemaining,ValueUse,SlotStatus,TouchedBy,TouchedAt) VALUES (10,1,6,null,1,'N',null,null,31.00,0.00,0.00,0,'root@localhost','2014-04-02 17:23:58.');
INSERT INTO walletcontents (WalletID,Slot,TicketID,DiscountTypeID,Priority,IsBad,datestart,DateExpires,ValueOriginal,ValueRemaining,ValueUse,SlotStatus,TouchedBy,TouchedAt) VALUES (10,2,4,null,1,'N',null,null,3.00,1.00,0.00,0,'root@localhost','2014-04-02 17:23:58.');
INSERT INTO walletcontents (WalletID,Slot,TicketID,DiscountTypeID,Priority,IsBad,datestart,DateExpires,ValueOriginal,ValueRemaining,ValueUse,SlotStatus,TouchedBy,TouchedAt) VALUES (11,1,6,null,1,'N',null,null,31.00,0.00,0.00,0,'root@localhost','2014-04-02 17:23:58.');
INSERT INTO walletcontents (WalletID,Slot,TicketID,DiscountTypeID,Priority,IsBad,datestart,DateExpires,ValueOriginal,ValueRemaining,ValueUse,SlotStatus,TouchedBy,TouchedAt) VALUES (12,1,26,null,1,'N','2013-09-09 00:00:00.','2013-12-26 21:14:38.',15.00,7.70,0.00,0,'root@localhost','2014-04-02 17:23:58.');
INSERT INTO walletcontents (WalletID,Slot,TicketID,DiscountTypeID,Priority,IsBad,datestart,DateExpires,ValueOriginal,ValueRemaining,ValueUse,SlotStatus,TouchedBy,TouchedAt) VALUES (14,1,6,null,1,'N',null,null,31.00,0.00,0.00,0,'root@localhost','2014-04-02 17:23:58.');
INSERT INTO walletcontents (WalletID,Slot,TicketID,DiscountTypeID,Priority,IsBad,datestart,DateExpires,ValueOriginal,ValueRemaining,ValueUse,SlotStatus,TouchedBy,TouchedAt) VALUES (14,2,8,null,1,'N','2013-12-27 00:00:00.','2013-12-27 17:01:05.',31.00,1.00,0.00,0,'root@localhost','2014-04-02 17:23:58.');
INSERT INTO walletcontents (WalletID,Slot,TicketID,DiscountTypeID,Priority,IsBad,datestart,DateExpires,ValueOriginal,ValueRemaining,ValueUse,SlotStatus,TouchedBy,TouchedAt) VALUES (20,1,6,null,1,'N',null,null,31.00,0.00,0.00,0,'root@localhost','2014-04-02 17:23:58.');
INSERT INTO walletcontents (WalletID,Slot,TicketID,DiscountTypeID,Priority,IsBad,datestart,DateExpires,ValueOriginal,ValueRemaining,ValueUse,SlotStatus,TouchedBy,TouchedAt) VALUES (20,2,4,null,1,'N','2013-12-30 00:00:00.','2014-01-13 00:00:00.',3.00,14.00,0.00,0,'root@localhost','2014-04-02 17:23:58.');
INSERT INTO walletcontents (WalletID,Slot,TicketID,DiscountTypeID,Priority,IsBad,datestart,DateExpires,ValueOriginal,ValueRemaining,ValueUse,SlotStatus,TouchedBy,TouchedAt) VALUES (20,3,4,null,1,'N','2014-01-02 00:00:00.','2014-01-23 00:00:00.',3.00,21.00,0.00,0,'root@localhost','2014-04-02 17:23:58.');
INSERT INTO walletcontents (WalletID,Slot,TicketID,DiscountTypeID,Priority,IsBad,datestart,DateExpires,ValueOriginal,ValueRemaining,ValueUse,SlotStatus,TouchedBy,TouchedAt) VALUES (20,4,8,null,1,'N','2014-02-12 00:00:00.','2014-02-13 01:31:11.',31.00,7.00,0.00,0,'root@localhost','2014-04-02 17:23:58.');
INSERT INTO walletcontents (WalletID,Slot,TicketID,DiscountTypeID,Priority,IsBad,datestart,DateExpires,ValueOriginal,ValueRemaining,ValueUse,SlotStatus,TouchedBy,TouchedAt) VALUES (23,1,26,null,1,'N',null,null,15.00,25.00,0.00,0,'root@localhost','2014-04-02 17:23:58.');
INSERT INTO walletcontents (WalletID,Slot,TicketID,DiscountTypeID,Priority,IsBad,datestart,DateExpires,ValueOriginal,ValueRemaining,ValueUse,SlotStatus,TouchedBy,TouchedAt) VALUES (23,2,4,null,1,'N','2014-01-02 00:00:00.','2014-01-16 00:00:00.',3.00,14.00,0.00,0,'root@localhost','2014-04-02 17:23:58.');
INSERT INTO walletcontents (WalletID,Slot,TicketID,DiscountTypeID,Priority,IsBad,datestart,DateExpires,ValueOriginal,ValueRemaining,ValueUse,SlotStatus,TouchedBy,TouchedAt) VALUES (24,1,6,null,1,'N',null,null,31.00,0.00,0.00,0,'root@localhost','2014-04-02 17:23:58.');
INSERT INTO walletcontents (WalletID,Slot,TicketID,DiscountTypeID,Priority,IsBad,datestart,DateExpires,ValueOriginal,ValueRemaining,ValueUse,SlotStatus,TouchedBy,TouchedAt) VALUES (24,2,8,null,1,'N','2014-01-02 00:00:00.','2014-01-02 20:54:32.',31.00,15.00,0.00,0,'root@localhost','2014-04-02 17:23:58.');
INSERT INTO walletcontents (WalletID,Slot,TicketID,DiscountTypeID,Priority,IsBad,datestart,DateExpires,ValueOriginal,ValueRemaining,ValueUse,SlotStatus,TouchedBy,TouchedAt) VALUES (25,1,26,null,1,'N','2013-09-09 00:00:00.','2014-01-02 20:54:32.',15.00,27.70,0.00,0,'root@localhost','2014-04-02 17:23:58.');
INSERT INTO walletcontents (WalletID,Slot,TicketID,DiscountTypeID,Priority,IsBad,datestart,DateExpires,ValueOriginal,ValueRemaining,ValueUse,SlotStatus,TouchedBy,TouchedAt) VALUES (26,1,6,null,1,'N',null,null,31.00,0.00,0.00,0,'root@localhost','2014-04-02 17:23:58.');
INSERT INTO walletcontents (WalletID,Slot,TicketID,DiscountTypeID,Priority,IsBad,datestart,DateExpires,ValueOriginal,ValueRemaining,ValueUse,SlotStatus,TouchedBy,TouchedAt) VALUES (26,2,4,null,1,'N','2014-01-24 00:00:00.','2014-01-29 00:00:00.',3.00,5.00,0.00,0,'root@localhost','2014-04-02 17:23:58.');
INSERT INTO walletcontents (WalletID,Slot,TicketID,DiscountTypeID,Priority,IsBad,datestart,DateExpires,ValueOriginal,ValueRemaining,ValueUse,SlotStatus,TouchedBy,TouchedAt) VALUES (26,3,4,null,1,'N',null,null,3.00,1.00,0.00,0,'root@localhost','2014-04-02 17:23:58.');
INSERT INTO walletcontents (WalletID,Slot,TicketID,DiscountTypeID,Priority,IsBad,datestart,DateExpires,ValueOriginal,ValueRemaining,ValueUse,SlotStatus,TouchedBy,TouchedAt) VALUES (26,4,4,null,1,'N',null,null,3.00,14.00,0.00,0,'root@localhost','2014-04-02 17:23:58.');
INSERT INTO walletcontents (WalletID,Slot,TicketID,DiscountTypeID,Priority,IsBad,datestart,DateExpires,ValueOriginal,ValueRemaining,ValueUse,SlotStatus,TouchedBy,TouchedAt) VALUES (27,1,26,null,1,'N',null,null,15.00,20.00,0.00,0,'root@localhost','2014-04-02 17:23:58.');
INSERT INTO walletcontents (WalletID,Slot,TicketID,DiscountTypeID,Priority,IsBad,datestart,DateExpires,ValueOriginal,ValueRemaining,ValueUse,SlotStatus,TouchedBy,TouchedAt) VALUES (27,2,4,null,1,'N','2014-01-02 00:00:00.','2014-01-16 00:00:00.',3.00,14.00,0.00,0,'root@localhost','2014-04-02 17:23:58.');
INSERT INTO walletcontents (WalletID,Slot,TicketID,DiscountTypeID,Priority,IsBad,datestart,DateExpires,ValueOriginal,ValueRemaining,ValueUse,SlotStatus,TouchedBy,TouchedAt) VALUES (27,3,8,null,1,'N',null,null,31.00,10.00,0.00,0,'root@localhost','2014-04-02 17:23:58.');
INSERT INTO walletcontents (WalletID,Slot,TicketID,DiscountTypeID,Priority,IsBad,datestart,DateExpires,ValueOriginal,ValueRemaining,ValueUse,SlotStatus,TouchedBy,TouchedAt) VALUES (28,1,26,null,1,'N','2013-09-09 00:00:00.','2014-01-02 21:06:51.',15.00,17.70,0.00,0,'root@localhost','2014-04-02 17:23:58.');
INSERT INTO walletcontents (WalletID,Slot,TicketID,DiscountTypeID,Priority,IsBad,datestart,DateExpires,ValueOriginal,ValueRemaining,ValueUse,SlotStatus,TouchedBy,TouchedAt) VALUES (29,1,4,null,1,'N',null,null,3.00,28.00,0.00,0,'root@localhost','2014-04-02 17:23:58.');
INSERT INTO walletcontents (WalletID,Slot,TicketID,DiscountTypeID,Priority,IsBad,datestart,DateExpires,ValueOriginal,ValueRemaining,ValueUse,SlotStatus,TouchedBy,TouchedAt) VALUES (29,2,4,null,1,'N','2014-02-26 00:00:00.','2014-03-26 00:00:00.',3.00,28.00,0.00,0,'root@localhost','2014-04-02 17:23:58.');
INSERT INTO walletcontents (WalletID,Slot,TicketID,DiscountTypeID,Priority,IsBad,datestart,DateExpires,ValueOriginal,ValueRemaining,ValueUse,SlotStatus,TouchedBy,TouchedAt) VALUES (29,3,8,null,1,'N',null,null,31.00,20.00,0.00,0,'root@localhost','2014-04-02 17:23:58.');
INSERT INTO walletcontents (WalletID,Slot,TicketID,DiscountTypeID,Priority,IsBad,datestart,DateExpires,ValueOriginal,ValueRemaining,ValueUse,SlotStatus,TouchedBy,TouchedAt) VALUES (30,1,6,null,1,'N','2013-09-09 00:00:00.','2014-01-06 20:32:37.',31.00,15.40,0.00,0,'root@localhost','2014-04-02 17:23:58.');
INSERT INTO walletcontents (WalletID,Slot,TicketID,DiscountTypeID,Priority,IsBad,datestart,DateExpires,ValueOriginal,ValueRemaining,ValueUse,SlotStatus,TouchedBy,TouchedAt) VALUES (30,2,24,null,1,'N','2014-01-05 00:00:00.','2014-01-06 00:00:00.',null,1.00,0.00,0,'root@localhost','2014-04-02 17:23:58.');
INSERT INTO walletcontents (WalletID,Slot,TicketID,DiscountTypeID,Priority,IsBad,datestart,DateExpires,ValueOriginal,ValueRemaining,ValueUse,SlotStatus,TouchedBy,TouchedAt) VALUES (33,1,6,null,1,'N',null,null,31.00,0.00,0.00,0,'root@localhost','2014-04-02 17:23:58.');
INSERT INTO walletcontents (WalletID,Slot,TicketID,DiscountTypeID,Priority,IsBad,datestart,DateExpires,ValueOriginal,ValueRemaining,ValueUse,SlotStatus,TouchedBy,TouchedAt) VALUES (33,2,4,null,1,'N','2014-01-11 00:00:00.','2014-01-14 00:00:00.',3.00,3.00,0.00,0,'root@localhost','2014-04-02 17:23:58.');
INSERT INTO walletcontents (WalletID,Slot,TicketID,DiscountTypeID,Priority,IsBad,datestart,DateExpires,ValueOriginal,ValueRemaining,ValueUse,SlotStatus,TouchedBy,TouchedAt) VALUES (34,1,6,null,1,'N',null,null,31.00,0.00,0.00,0,'root@localhost','2014-04-02 17:23:58.');
INSERT INTO walletcontents (WalletID,Slot,TicketID,DiscountTypeID,Priority,IsBad,datestart,DateExpires,ValueOriginal,ValueRemaining,ValueUse,SlotStatus,TouchedBy,TouchedAt) VALUES (34,2,24,null,1,'N','2014-01-08 00:00:00.','2014-01-09 00:00:00.',null,1.00,0.00,0,'root@localhost','2014-04-02 17:23:58.');
INSERT INTO walletcontents (WalletID,Slot,TicketID,DiscountTypeID,Priority,IsBad,datestart,DateExpires,ValueOriginal,ValueRemaining,ValueUse,SlotStatus,TouchedBy,TouchedAt) VALUES (34,3,4,null,1,'N','2014-01-08 00:00:00.','2014-01-22 00:00:00.',3.00,14.00,0.00,0,'root@localhost','2014-04-02 17:23:58.');
INSERT INTO walletcontents (WalletID,Slot,TicketID,DiscountTypeID,Priority,IsBad,datestart,DateExpires,ValueOriginal,ValueRemaining,ValueUse,SlotStatus,TouchedBy,TouchedAt) VALUES (35,1,6,null,1,'N',null,null,31.00,0.00,0.00,0,'root@localhost','2014-04-02 17:23:58.');
INSERT INTO walletcontents (WalletID,Slot,TicketID,DiscountTypeID,Priority,IsBad,datestart,DateExpires,ValueOriginal,ValueRemaining,ValueUse,SlotStatus,TouchedBy,TouchedAt) VALUES (35,2,4,null,1,'N','2014-01-08 00:00:00.','2014-01-22 00:00:00.',3.00,14.00,0.00,0,'root@localhost','2014-04-02 17:23:58.');
INSERT INTO walletcontents (WalletID,Slot,TicketID,DiscountTypeID,Priority,IsBad,datestart,DateExpires,ValueOriginal,ValueRemaining,ValueUse,SlotStatus,TouchedBy,TouchedAt) VALUES (38,1,6,null,1,'N',null,null,31.00,0.00,0.00,0,'root@localhost','2014-04-02 17:23:58.');
INSERT INTO walletcontents (WalletID,Slot,TicketID,DiscountTypeID,Priority,IsBad,datestart,DateExpires,ValueOriginal,ValueRemaining,ValueUse,SlotStatus,TouchedBy,TouchedAt) VALUES (40,1,6,null,1,'N',null,null,31.00,0.00,0.00,0,'root@localhost','2014-04-02 17:23:58.');
INSERT INTO walletcontents (WalletID,Slot,TicketID,DiscountTypeID,Priority,IsBad,datestart,DateExpires,ValueOriginal,ValueRemaining,ValueUse,SlotStatus,TouchedBy,TouchedAt) VALUES (41,1,6,null,1,'N',null,null,31.00,0.00,0.00,0,'root@localhost','2014-04-02 17:23:58.');
INSERT INTO walletcontents (WalletID,Slot,TicketID,DiscountTypeID,Priority,IsBad,datestart,DateExpires,ValueOriginal,ValueRemaining,ValueUse,SlotStatus,TouchedBy,TouchedAt) VALUES (41,2,4,null,1,'N','2014-01-17 00:00:00.','2014-01-22 00:00:00.',3.00,5.00,0.00,0,'root@localhost','2014-04-02 17:23:58.');
INSERT INTO walletcontents (WalletID,Slot,TicketID,DiscountTypeID,Priority,IsBad,datestart,DateExpires,ValueOriginal,ValueRemaining,ValueUse,SlotStatus,TouchedBy,TouchedAt) VALUES (42,1,6,null,1,'N',null,null,31.00,0.00,0.00,0,'root@localhost','2014-04-02 17:23:58.');
INSERT INTO walletcontents (WalletID,Slot,TicketID,DiscountTypeID,Priority,IsBad,datestart,DateExpires,ValueOriginal,ValueRemaining,ValueUse,SlotStatus,TouchedBy,TouchedAt) VALUES (43,1,6,null,1,'N',null,null,31.00,0.00,0.00,0,'root@localhost','2014-04-02 17:23:58.');
INSERT INTO walletcontents (WalletID,Slot,TicketID,DiscountTypeID,Priority,IsBad,datestart,DateExpires,ValueOriginal,ValueRemaining,ValueUse,SlotStatus,TouchedBy,TouchedAt) VALUES (44,1,6,null,1,'N',null,null,31.00,0.00,0.00,0,'root@localhost','2014-04-02 17:23:58.');
INSERT INTO walletcontents (WalletID,Slot,TicketID,DiscountTypeID,Priority,IsBad,datestart,DateExpires,ValueOriginal,ValueRemaining,ValueUse,SlotStatus,TouchedBy,TouchedAt) VALUES (44,3,4,null,1,'N','2014-01-27 00:00:00.','2014-02-10 00:00:00.',3.00,14.00,0.00,0,'root@localhost','2014-04-02 17:23:58.');
INSERT INTO walletcontents (WalletID,Slot,TicketID,DiscountTypeID,Priority,IsBad,datestart,DateExpires,ValueOriginal,ValueRemaining,ValueUse,SlotStatus,TouchedBy,TouchedAt) VALUES (44,4,4,null,1,'N','2014-02-25 00:00:00.','2014-03-18 00:00:00.',3.00,21.00,0.00,0,'root@localhost','2014-04-02 17:23:58.');
INSERT INTO walletcontents (WalletID,Slot,TicketID,DiscountTypeID,Priority,IsBad,datestart,DateExpires,ValueOriginal,ValueRemaining,ValueUse,SlotStatus,TouchedBy,TouchedAt) VALUES (46,1,6,null,1,'N',null,null,31.00,0.00,0.00,0,'root@localhost','2014-04-02 17:23:58.');
INSERT INTO walletcontents (WalletID,Slot,TicketID,DiscountTypeID,Priority,IsBad,datestart,DateExpires,ValueOriginal,ValueRemaining,ValueUse,SlotStatus,TouchedBy,TouchedAt) VALUES (49,1,6,null,1,'N','2013-09-09 00:00:00.','2014-03-03 22:08:05.',31.00,80.00,0.00,0,'root@localhost','2014-04-02 17:23:58.');
INSERT INTO walletcontents (WalletID,Slot,TicketID,DiscountTypeID,Priority,IsBad,datestart,DateExpires,ValueOriginal,ValueRemaining,ValueUse,SlotStatus,TouchedBy,TouchedAt) VALUES (49,2,4,null,1,'N','2014-01-28 00:00:00.','2014-02-04 00:00:00.',3.00,7.00,0.00,0,'root@localhost','2014-04-02 17:23:58.');
INSERT INTO walletcontents (WalletID,Slot,TicketID,DiscountTypeID,Priority,IsBad,datestart,DateExpires,ValueOriginal,ValueRemaining,ValueUse,SlotStatus,TouchedBy,TouchedAt) VALUES (49,4,26,null,1,'N',null,null,15.00,20.00,0.00,0,'root@localhost','2014-04-02 17:23:58.');
INSERT INTO walletcontents (WalletID,Slot,TicketID,DiscountTypeID,Priority,IsBad,datestart,DateExpires,ValueOriginal,ValueRemaining,ValueUse,SlotStatus,TouchedBy,TouchedAt) VALUES (53,1,6,null,1,'N',null,null,31.00,0.00,0.00,0,'root@localhost','2014-04-02 17:23:58.');
INSERT INTO walletcontents (WalletID,Slot,TicketID,DiscountTypeID,Priority,IsBad,datestart,DateExpires,ValueOriginal,ValueRemaining,ValueUse,SlotStatus,TouchedBy,TouchedAt) VALUES (53,2,26,null,1,'N',null,null,15.00,31.00,0.00,0,'root@localhost','2014-04-02 17:23:58.');
INSERT INTO walletcontents (WalletID,Slot,TicketID,DiscountTypeID,Priority,IsBad,datestart,DateExpires,ValueOriginal,ValueRemaining,ValueUse,SlotStatus,TouchedBy,TouchedAt) VALUES (59,1,6,null,1,'N',null,null,31.00,0.00,0.00,0,'root@localhost','2014-04-02 17:23:58.');
INSERT INTO walletcontents (WalletID,Slot,TicketID,DiscountTypeID,Priority,IsBad,datestart,DateExpires,ValueOriginal,ValueRemaining,ValueUse,SlotStatus,TouchedBy,TouchedAt) VALUES (59,3,4,null,1,'N','2014-01-27 00:00:00.','2014-02-01 00:00:00.',3.00,5.00,0.00,0,'root@localhost','2014-04-02 17:23:58.');
INSERT INTO walletcontents (WalletID,Slot,TicketID,DiscountTypeID,Priority,IsBad,datestart,DateExpires,ValueOriginal,ValueRemaining,ValueUse,SlotStatus,TouchedBy,TouchedAt) VALUES (63,1,6,null,1,'N',null,null,31.00,0.00,0.00,0,'root@localhost','2014-04-02 17:23:58.');
INSERT INTO walletcontents (WalletID,Slot,TicketID,DiscountTypeID,Priority,IsBad,datestart,DateExpires,ValueOriginal,ValueRemaining,ValueUse,SlotStatus,TouchedBy,TouchedAt) VALUES (63,2,4,null,1,'N','2014-01-27 00:00:00.','2014-02-01 00:00:00.',3.00,5.00,0.00,0,'root@localhost','2014-04-02 17:23:58.');
INSERT INTO walletcontents (WalletID,Slot,TicketID,DiscountTypeID,Priority,IsBad,datestart,DateExpires,ValueOriginal,ValueRemaining,ValueUse,SlotStatus,TouchedBy,TouchedAt) VALUES (64,1,26,null,1,'N','2013-09-09 00:00:00.','2014-01-31 17:33:42.',15.00,21.40,0.00,0,'root@localhost','2014-04-02 17:23:58.');
INSERT INTO walletcontents (WalletID,Slot,TicketID,DiscountTypeID,Priority,IsBad,datestart,DateExpires,ValueOriginal,ValueRemaining,ValueUse,SlotStatus,TouchedBy,TouchedAt) VALUES (65,1,6,null,1,'N',null,null,31.00,5.00,0.00,0,'root@localhost','2014-04-02 17:23:58.');
INSERT INTO walletcontents (WalletID,Slot,TicketID,DiscountTypeID,Priority,IsBad,datestart,DateExpires,ValueOriginal,ValueRemaining,ValueUse,SlotStatus,TouchedBy,TouchedAt) VALUES (65,2,4,null,1,'N','2014-01-31 00:00:00.','2014-02-07 00:00:00.',3.00,7.00,0.00,0,'root@localhost','2014-04-02 17:23:58.');
INSERT INTO walletcontents (WalletID,Slot,TicketID,DiscountTypeID,Priority,IsBad,datestart,DateExpires,ValueOriginal,ValueRemaining,ValueUse,SlotStatus,TouchedBy,TouchedAt) VALUES (69,1,6,null,1,'N',null,null,31.00,0.00,0.00,0,'root@localhost','2014-04-02 17:23:58.');
INSERT INTO walletcontents (WalletID,Slot,TicketID,DiscountTypeID,Priority,IsBad,datestart,DateExpires,ValueOriginal,ValueRemaining,ValueUse,SlotStatus,TouchedBy,TouchedAt) VALUES (69,2,4,null,1,'N','2014-02-10 00:00:00.','2014-03-10 00:00:00.',3.00,28.00,0.00,0,'root@localhost','2014-04-02 17:23:58.');
INSERT INTO walletcontents (WalletID,Slot,TicketID,DiscountTypeID,Priority,IsBad,datestart,DateExpires,ValueOriginal,ValueRemaining,ValueUse,SlotStatus,TouchedBy,TouchedAt) VALUES (71,1,6,null,1,'N',null,null,31.00,5.00,0.00,0,'root@localhost','2014-04-02 17:23:58.');
INSERT INTO walletcontents (WalletID,Slot,TicketID,DiscountTypeID,Priority,IsBad,datestart,DateExpires,ValueOriginal,ValueRemaining,ValueUse,SlotStatus,TouchedBy,TouchedAt) VALUES (71,2,8,null,1,'N','2014-02-14 00:00:00.','2014-02-14 21:11:22.',31.00,30.00,0.00,0,'root@localhost','2014-04-02 17:23:58.');
INSERT INTO walletcontents (WalletID,Slot,TicketID,DiscountTypeID,Priority,IsBad,datestart,DateExpires,ValueOriginal,ValueRemaining,ValueUse,SlotStatus,TouchedBy,TouchedAt) VALUES (71,3,4,null,1,'N','2014-02-15 00:00:00.','2014-02-22 00:00:00.',3.00,7.00,0.00,0,'root@localhost','2014-04-02 17:23:58.');
INSERT INTO walletcontents (WalletID,Slot,TicketID,DiscountTypeID,Priority,IsBad,datestart,DateExpires,ValueOriginal,ValueRemaining,ValueUse,SlotStatus,TouchedBy,TouchedAt) VALUES (72,2,4,null,1,'N','2014-02-15 00:00:00.','2014-02-22 00:00:00.',3.00,7.00,0.00,0,'root@localhost','2014-04-02 17:23:58.');
INSERT INTO walletcontents (WalletID,Slot,TicketID,DiscountTypeID,Priority,IsBad,datestart,DateExpires,ValueOriginal,ValueRemaining,ValueUse,SlotStatus,TouchedBy,TouchedAt) VALUES (74,1,9,2,1,'N',null,null,null,28.00,0.00,0,'root@localhost','2014-04-02 17:23:58.');
INSERT INTO walletcontents (WalletID,Slot,TicketID,DiscountTypeID,Priority,IsBad,datestart,DateExpires,ValueOriginal,ValueRemaining,ValueUse,SlotStatus,TouchedBy,TouchedAt) VALUES (75,1,21,null,1,'N',null,null,null,30.00,0.00,0,'root@localhost','2014-04-02 17:23:58.');
INSERT INTO walletcontents (WalletID,Slot,TicketID,DiscountTypeID,Priority,IsBad,datestart,DateExpires,ValueOriginal,ValueRemaining,ValueUse,SlotStatus,TouchedBy,TouchedAt) VALUES (119,1,6,null,1,'N',null,null,31.00,5.00,0.00,0,'root@localhost','2014-04-02 17:23:58.');
INSERT INTO walletcontents (WalletID,Slot,TicketID,DiscountTypeID,Priority,IsBad,datestart,DateExpires,ValueOriginal,ValueRemaining,ValueUse,SlotStatus,TouchedBy,TouchedAt) VALUES (119,2,4,null,1,'N','2014-02-15 00:00:00.','2014-03-01 00:00:00.',3.00,14.00,0.00,0,'root@localhost','2014-04-02 17:23:58.');
INSERT INTO walletcontents (WalletID,Slot,TicketID,DiscountTypeID,Priority,IsBad,datestart,DateExpires,ValueOriginal,ValueRemaining,ValueUse,SlotStatus,TouchedBy,TouchedAt) VALUES (120,1,26,2,1,'N',null,null,15.00,0.00,0.00,0,'root@localhost','2014-04-02 17:23:58.');
INSERT INTO walletcontents (WalletID,Slot,TicketID,DiscountTypeID,Priority,IsBad,datestart,DateExpires,ValueOriginal,ValueRemaining,ValueUse,SlotStatus,TouchedBy,TouchedAt) VALUES (120,2,9,2,1,'N',null,null,null,30.00,0.00,0,'root@localhost','2014-04-02 17:23:58.');
INSERT INTO walletcontents (WalletID,Slot,TicketID,DiscountTypeID,Priority,IsBad,datestart,DateExpires,ValueOriginal,ValueRemaining,ValueUse,SlotStatus,TouchedBy,TouchedAt) VALUES (121,1,6,2,1,'N',null,null,31.00,5.00,0.00,0,'root@localhost','2014-04-02 17:23:58.');
INSERT INTO walletcontents (WalletID,Slot,TicketID,DiscountTypeID,Priority,IsBad,datestart,DateExpires,ValueOriginal,ValueRemaining,ValueUse,SlotStatus,TouchedBy,TouchedAt) VALUES (121,2,22,2,1,'N',null,null,null,30.00,0.00,0,'root@localhost','2014-04-02 17:23:58.');
INSERT INTO walletcontents (WalletID,Slot,TicketID,DiscountTypeID,Priority,IsBad,datestart,DateExpires,ValueOriginal,ValueRemaining,ValueUse,SlotStatus,TouchedBy,TouchedAt) VALUES (122,1,6,2,1,'N',null,null,31.00,5.00,0.00,0,'root@localhost','2014-04-02 17:23:58.');
INSERT INTO walletcontents (WalletID,Slot,TicketID,DiscountTypeID,Priority,IsBad,datestart,DateExpires,ValueOriginal,ValueRemaining,ValueUse,SlotStatus,TouchedBy,TouchedAt) VALUES (122,2,9,2,1,'N',null,null,null,3.00,0.00,0,'root@localhost','2014-04-02 17:23:58.');
INSERT INTO walletcontents (WalletID,Slot,TicketID,DiscountTypeID,Priority,IsBad,datestart,DateExpires,ValueOriginal,ValueRemaining,ValueUse,SlotStatus,TouchedBy,TouchedAt) VALUES (126,1,6,null,1,'N',null,null,31.00,0.00,0.00,0,'root@localhost','2014-04-02 17:23:58.');
INSERT INTO walletcontents (WalletID,Slot,TicketID,DiscountTypeID,Priority,IsBad,datestart,DateExpires,ValueOriginal,ValueRemaining,ValueUse,SlotStatus,TouchedBy,TouchedAt) VALUES (126,2,4,null,1,'N','2014-02-18 00:00:00.','2014-03-18 00:00:00.',3.00,28.00,0.00,0,'root@localhost','2014-04-02 17:23:58.');
INSERT INTO walletcontents (WalletID,Slot,TicketID,DiscountTypeID,Priority,IsBad,datestart,DateExpires,ValueOriginal,ValueRemaining,ValueUse,SlotStatus,TouchedBy,TouchedAt) VALUES (126,3,8,null,1,'N',null,null,31.00,10.00,0.00,0,'root@localhost','2014-04-02 17:23:58.');
INSERT INTO walletcontents (WalletID,Slot,TicketID,DiscountTypeID,Priority,IsBad,datestart,DateExpires,ValueOriginal,ValueRemaining,ValueUse,SlotStatus,TouchedBy,TouchedAt) VALUES (128,1,6,2,1,'N',null,null,31.00,0.00,0.00,0,'root@localhost','2014-04-02 17:23:58.');
INSERT INTO walletcontents (WalletID,Slot,TicketID,DiscountTypeID,Priority,IsBad,datestart,DateExpires,ValueOriginal,ValueRemaining,ValueUse,SlotStatus,TouchedBy,TouchedAt) VALUES (128,2,24,2,1,'N',null,null,null,14.00,0.00,0,'root@localhost','2014-04-02 17:23:58.');
INSERT INTO walletcontents (WalletID,Slot,TicketID,DiscountTypeID,Priority,IsBad,datestart,DateExpires,ValueOriginal,ValueRemaining,ValueUse,SlotStatus,TouchedBy,TouchedAt) VALUES (129,1,6,null,1,'N','2013-09-09 00:00:00.','2014-02-18 22:05:54.',31.00,22.70,0.00,0,'root@localhost','2014-04-02 17:23:58.');
INSERT INTO walletcontents (WalletID,Slot,TicketID,DiscountTypeID,Priority,IsBad,datestart,DateExpires,ValueOriginal,ValueRemaining,ValueUse,SlotStatus,TouchedBy,TouchedAt) VALUES (129,2,4,null,1,'N','2014-02-18 00:00:00.','2014-03-18 00:00:00.',3.00,28.00,0.00,0,'root@localhost','2014-04-02 17:23:58.');
INSERT INTO walletcontents (WalletID,Slot,TicketID,DiscountTypeID,Priority,IsBad,datestart,DateExpires,ValueOriginal,ValueRemaining,ValueUse,SlotStatus,TouchedBy,TouchedAt) VALUES (131,1,6,2,1,'N',null,null,31.00,0.00,0.00,0,'root@localhost','2014-04-02 17:23:58.');
INSERT INTO walletcontents (WalletID,Slot,TicketID,DiscountTypeID,Priority,IsBad,datestart,DateExpires,ValueOriginal,ValueRemaining,ValueUse,SlotStatus,TouchedBy,TouchedAt) VALUES (131,2,9,2,1,'N',null,null,null,28.00,0.00,0,'root@localhost','2014-04-02 17:23:58.');
INSERT INTO walletcontents (WalletID,Slot,TicketID,DiscountTypeID,Priority,IsBad,datestart,DateExpires,ValueOriginal,ValueRemaining,ValueUse,SlotStatus,TouchedBy,TouchedAt) VALUES (132,1,6,2,1,'N',null,null,31.00,0.00,0.00,0,'root@localhost','2014-04-02 17:23:58.');
INSERT INTO walletcontents (WalletID,Slot,TicketID,DiscountTypeID,Priority,IsBad,datestart,DateExpires,ValueOriginal,ValueRemaining,ValueUse,SlotStatus,TouchedBy,TouchedAt) VALUES (132,2,4,2,1,'N','2014-02-19 00:00:00.','2014-03-19 00:00:00.',3.00,28.00,0.00,0,'root@localhost','2014-04-02 17:23:58.');
INSERT INTO walletcontents (WalletID,Slot,TicketID,DiscountTypeID,Priority,IsBad,datestart,DateExpires,ValueOriginal,ValueRemaining,ValueUse,SlotStatus,TouchedBy,TouchedAt) VALUES (137,1,6,2,1,'N',null,null,31.00,1.00,0.00,0,'root@localhost','2014-04-02 17:23:58.');
INSERT INTO walletcontents (WalletID,Slot,TicketID,DiscountTypeID,Priority,IsBad,datestart,DateExpires,ValueOriginal,ValueRemaining,ValueUse,SlotStatus,TouchedBy,TouchedAt) VALUES (137,2,24,2,1,'N',null,null,null,21.00,0.00,0,'root@localhost','2014-04-02 17:23:58.');
INSERT INTO walletcontents (WalletID,Slot,TicketID,DiscountTypeID,Priority,IsBad,datestart,DateExpires,ValueOriginal,ValueRemaining,ValueUse,SlotStatus,TouchedBy,TouchedAt) VALUES (138,1,9,null,1,'N',null,null,null,0.00,0.00,0,'root@localhost','2014-04-02 17:23:58.');
INSERT INTO walletcontents (WalletID,Slot,TicketID,DiscountTypeID,Priority,IsBad,datestart,DateExpires,ValueOriginal,ValueRemaining,ValueUse,SlotStatus,TouchedBy,TouchedAt) VALUES (138,2,9,null,1,'N','2014-02-19 00:00:00.','2014-05-20 00:00:00.',null,0.00,0.00,0,'root@localhost','2014-04-02 17:23:58.');
INSERT INTO walletcontents (WalletID,Slot,TicketID,DiscountTypeID,Priority,IsBad,datestart,DateExpires,ValueOriginal,ValueRemaining,ValueUse,SlotStatus,TouchedBy,TouchedAt) VALUES (143,1,6,null,1,'N',null,null,31.00,0.00,0.00,0,'root@localhost','2014-04-02 17:23:58.');
INSERT INTO walletcontents (WalletID,Slot,TicketID,DiscountTypeID,Priority,IsBad,datestart,DateExpires,ValueOriginal,ValueRemaining,ValueUse,SlotStatus,TouchedBy,TouchedAt) VALUES (143,2,4,null,1,'N','2014-02-20 00:00:00.','2014-02-27 00:00:00.',3.00,7.00,0.00,0,'root@localhost','2014-04-02 17:23:58.');
INSERT INTO walletcontents (WalletID,Slot,TicketID,DiscountTypeID,Priority,IsBad,datestart,DateExpires,ValueOriginal,ValueRemaining,ValueUse,SlotStatus,TouchedBy,TouchedAt) VALUES (147,1,6,null,1,'N',null,null,31.00,5.00,0.00,0,'root@localhost','2014-04-02 17:23:58.');
INSERT INTO walletcontents (WalletID,Slot,TicketID,DiscountTypeID,Priority,IsBad,datestart,DateExpires,ValueOriginal,ValueRemaining,ValueUse,SlotStatus,TouchedBy,TouchedAt) VALUES (147,2,8,null,1,'N','2014-02-20 00:00:00.','2014-02-20 17:00:06.',31.00,15.00,0.00,0,'root@localhost','2014-04-02 17:23:58.');
INSERT INTO walletcontents (WalletID,Slot,TicketID,DiscountTypeID,Priority,IsBad,datestart,DateExpires,ValueOriginal,ValueRemaining,ValueUse,SlotStatus,TouchedBy,TouchedAt) VALUES (149,1,6,2,1,'N',null,null,31.00,0.00,0.00,0,'root@localhost','2014-04-02 17:23:58.');
INSERT INTO walletcontents (WalletID,Slot,TicketID,DiscountTypeID,Priority,IsBad,datestart,DateExpires,ValueOriginal,ValueRemaining,ValueUse,SlotStatus,TouchedBy,TouchedAt) VALUES (151,1,6,null,1,'N','2013-09-09 00:00:00.','2014-02-24 16:52:32.',31.00,2.70,0.00,0,'root@localhost','2014-04-02 17:23:58.');
INSERT INTO walletcontents (WalletID,Slot,TicketID,DiscountTypeID,Priority,IsBad,datestart,DateExpires,ValueOriginal,ValueRemaining,ValueUse,SlotStatus,TouchedBy,TouchedAt) VALUES (151,2,9,null,1,'N','2014-02-20 00:00:00.','2014-02-21 00:00:00.',null,0.00,0.00,0,'root@localhost','2014-04-02 17:23:58.');
INSERT INTO walletcontents (WalletID,Slot,TicketID,DiscountTypeID,Priority,IsBad,datestart,DateExpires,ValueOriginal,ValueRemaining,ValueUse,SlotStatus,TouchedBy,TouchedAt) VALUES (152,1,6,null,1,'N',null,null,31.00,5.00,0.00,0,'root@localhost','2014-04-02 17:23:58.');
INSERT INTO walletcontents (WalletID,Slot,TicketID,DiscountTypeID,Priority,IsBad,datestart,DateExpires,ValueOriginal,ValueRemaining,ValueUse,SlotStatus,TouchedBy,TouchedAt) VALUES (152,2,9,null,1,'N','2014-02-20 00:00:00.','2014-02-21 00:00:00.',null,0.00,0.00,0,'root@localhost','2014-04-02 17:23:58.');
INSERT INTO walletcontents (WalletID,Slot,TicketID,DiscountTypeID,Priority,IsBad,datestart,DateExpires,ValueOriginal,ValueRemaining,ValueUse,SlotStatus,TouchedBy,TouchedAt) VALUES (153,1,6,null,1,'N','2013-09-09 00:00:00.','2014-02-24 16:52:32.',31.00,2.70,0.00,0,'root@localhost','2014-04-02 17:23:58.');
INSERT INTO walletcontents (WalletID,Slot,TicketID,DiscountTypeID,Priority,IsBad,datestart,DateExpires,ValueOriginal,ValueRemaining,ValueUse,SlotStatus,TouchedBy,TouchedAt) VALUES (153,2,9,null,1,'N','2014-02-20 00:00:00.','2014-02-21 00:00:00.',null,0.00,0.00,0,'root@localhost','2014-04-02 17:23:58.');
INSERT INTO walletcontents (WalletID,Slot,TicketID,DiscountTypeID,Priority,IsBad,datestart,DateExpires,ValueOriginal,ValueRemaining,ValueUse,SlotStatus,TouchedBy,TouchedAt) VALUES (154,1,6,null,1,'N','2013-09-09 00:00:00.','2014-02-24 16:52:32.',31.00,2.70,0.00,0,'root@localhost','2014-04-02 17:23:58.');
INSERT INTO walletcontents (WalletID,Slot,TicketID,DiscountTypeID,Priority,IsBad,datestart,DateExpires,ValueOriginal,ValueRemaining,ValueUse,SlotStatus,TouchedBy,TouchedAt) VALUES (154,2,9,null,1,'N','2014-02-20 00:00:00.','2014-02-21 00:00:00.',null,0.00,0.00,0,'root@localhost','2014-04-02 17:23:58.');
INSERT INTO walletcontents (WalletID,Slot,TicketID,DiscountTypeID,Priority,IsBad,datestart,DateExpires,ValueOriginal,ValueRemaining,ValueUse,SlotStatus,TouchedBy,TouchedAt) VALUES (162,1,6,2,1,'N',null,null,31.00,0.00,0.00,0,'root@localhost','2014-04-02 17:23:58.');
INSERT INTO walletcontents (WalletID,Slot,TicketID,DiscountTypeID,Priority,IsBad,datestart,DateExpires,ValueOriginal,ValueRemaining,ValueUse,SlotStatus,TouchedBy,TouchedAt) VALUES (164,1,6,null,1,'N',null,null,31.00,5.00,0.00,0,'root@localhost','2014-04-02 17:23:58.');
INSERT INTO walletcontents (WalletID,Slot,TicketID,DiscountTypeID,Priority,IsBad,datestart,DateExpires,ValueOriginal,ValueRemaining,ValueUse,SlotStatus,TouchedBy,TouchedAt) VALUES (164,2,21,null,1,'N','2014-02-01 00:00:00.','2014-03-01 00:00:00.',null,28.00,0.00,0,'root@localhost','2014-04-02 17:23:58.');
INSERT INTO walletcontents (WalletID,Slot,TicketID,DiscountTypeID,Priority,IsBad,datestart,DateExpires,ValueOriginal,ValueRemaining,ValueUse,SlotStatus,TouchedBy,TouchedAt) VALUES (165,1,6,null,1,'N',null,null,31.00,5.00,0.00,0,'root@localhost','2014-04-02 17:23:58.');
INSERT INTO walletcontents (WalletID,Slot,TicketID,DiscountTypeID,Priority,IsBad,datestart,DateExpires,ValueOriginal,ValueRemaining,ValueUse,SlotStatus,TouchedBy,TouchedAt) VALUES (165,2,21,null,1,'N','2014-02-01 00:00:00.','2014-03-01 00:00:00.',null,28.00,0.00,0,'root@localhost','2014-04-02 17:23:58.');
INSERT INTO walletcontents (WalletID,Slot,TicketID,DiscountTypeID,Priority,IsBad,datestart,DateExpires,ValueOriginal,ValueRemaining,ValueUse,SlotStatus,TouchedBy,TouchedAt) VALUES (166,1,6,null,1,'N',null,null,31.00,5.00,0.00,0,'root@localhost','2014-04-02 17:23:58.');
INSERT INTO walletcontents (WalletID,Slot,TicketID,DiscountTypeID,Priority,IsBad,datestart,DateExpires,ValueOriginal,ValueRemaining,ValueUse,SlotStatus,TouchedBy,TouchedAt) VALUES (166,2,21,null,1,'N','2014-02-01 00:00:00.','2014-03-01 00:00:00.',null,28.00,0.00,0,'root@localhost','2014-04-02 17:23:58.');
INSERT INTO walletcontents (WalletID,Slot,TicketID,DiscountTypeID,Priority,IsBad,datestart,DateExpires,ValueOriginal,ValueRemaining,ValueUse,SlotStatus,TouchedBy,TouchedAt) VALUES (166,3,9,null,1,'N','2014-02-01 00:00:00.','2014-03-01 00:00:00.',null,28.00,0.00,0,'root@localhost','2014-04-02 17:23:58.');
INSERT INTO walletcontents (WalletID,Slot,TicketID,DiscountTypeID,Priority,IsBad,datestart,DateExpires,ValueOriginal,ValueRemaining,ValueUse,SlotStatus,TouchedBy,TouchedAt) VALUES (167,1,6,null,1,'N',null,null,31.00,5.00,0.00,0,'root@localhost','2014-04-02 17:23:58.');
INSERT INTO walletcontents (WalletID,Slot,TicketID,DiscountTypeID,Priority,IsBad,datestart,DateExpires,ValueOriginal,ValueRemaining,ValueUse,SlotStatus,TouchedBy,TouchedAt) VALUES (167,2,21,null,1,'N','2014-02-01 00:00:00.','2014-03-01 00:00:00.',null,28.00,0.00,0,'root@localhost','2014-04-02 17:23:58.');
INSERT INTO walletcontents (WalletID,Slot,TicketID,DiscountTypeID,Priority,IsBad,datestart,DateExpires,ValueOriginal,ValueRemaining,ValueUse,SlotStatus,TouchedBy,TouchedAt) VALUES (168,1,6,null,1,'N',null,null,31.00,5.00,0.00,0,'root@localhost','2014-04-02 17:23:58.');
INSERT INTO walletcontents (WalletID,Slot,TicketID,DiscountTypeID,Priority,IsBad,datestart,DateExpires,ValueOriginal,ValueRemaining,ValueUse,SlotStatus,TouchedBy,TouchedAt) VALUES (168,2,21,null,1,'N','2014-02-01 00:00:00.','2014-03-01 00:00:00.',null,28.00,0.00,0,'root@localhost','2014-04-02 17:23:58.');
INSERT INTO walletcontents (WalletID,Slot,TicketID,DiscountTypeID,Priority,IsBad,datestart,DateExpires,ValueOriginal,ValueRemaining,ValueUse,SlotStatus,TouchedBy,TouchedAt) VALUES (169,1,6,null,1,'N',null,null,31.00,5.00,0.00,0,'root@localhost','2014-04-02 17:23:58.');
INSERT INTO walletcontents (WalletID,Slot,TicketID,DiscountTypeID,Priority,IsBad,datestart,DateExpires,ValueOriginal,ValueRemaining,ValueUse,SlotStatus,TouchedBy,TouchedAt) VALUES (169,2,21,null,1,'N','2014-02-01 00:00:00.','2014-03-01 00:00:00.',null,28.00,0.00,0,'root@localhost','2014-04-02 17:23:58.');
INSERT INTO walletcontents (WalletID,Slot,TicketID,DiscountTypeID,Priority,IsBad,datestart,DateExpires,ValueOriginal,ValueRemaining,ValueUse,SlotStatus,TouchedBy,TouchedAt) VALUES (169,3,9,null,1,'N','2014-02-01 00:00:00.','2014-03-01 00:00:00.',null,28.00,0.00,0,'root@localhost','2014-04-02 17:23:58.');
INSERT INTO walletcontents (WalletID,Slot,TicketID,DiscountTypeID,Priority,IsBad,datestart,DateExpires,ValueOriginal,ValueRemaining,ValueUse,SlotStatus,TouchedBy,TouchedAt) VALUES (170,1,6,null,1,'N',null,null,31.00,5.00,0.00,0,'root@localhost','2014-04-02 17:23:58.');
INSERT INTO walletcontents (WalletID,Slot,TicketID,DiscountTypeID,Priority,IsBad,datestart,DateExpires,ValueOriginal,ValueRemaining,ValueUse,SlotStatus,TouchedBy,TouchedAt) VALUES (170,2,21,null,1,'N','2014-02-01 00:00:00.','2014-03-01 00:00:00.',null,28.00,0.00,0,'root@localhost','2014-04-02 17:23:58.');
INSERT INTO walletcontents (WalletID,Slot,TicketID,DiscountTypeID,Priority,IsBad,datestart,DateExpires,ValueOriginal,ValueRemaining,ValueUse,SlotStatus,TouchedBy,TouchedAt) VALUES (171,1,6,null,1,'N',null,null,31.00,5.00,0.00,0,'root@localhost','2014-04-02 17:23:58.');
INSERT INTO walletcontents (WalletID,Slot,TicketID,DiscountTypeID,Priority,IsBad,datestart,DateExpires,ValueOriginal,ValueRemaining,ValueUse,SlotStatus,TouchedBy,TouchedAt) VALUES (171,2,21,null,1,'N','2014-02-01 00:00:00.','2014-03-01 00:00:00.',null,28.00,0.00,0,'root@localhost','2014-04-02 17:23:58.');
INSERT INTO walletcontents (WalletID,Slot,TicketID,DiscountTypeID,Priority,IsBad,datestart,DateExpires,ValueOriginal,ValueRemaining,ValueUse,SlotStatus,TouchedBy,TouchedAt) VALUES (172,1,6,null,1,'N',null,null,31.00,5.00,0.00,0,'root@localhost','2014-04-02 17:23:58.');
INSERT INTO walletcontents (WalletID,Slot,TicketID,DiscountTypeID,Priority,IsBad,datestart,DateExpires,ValueOriginal,ValueRemaining,ValueUse,SlotStatus,TouchedBy,TouchedAt) VALUES (172,2,21,null,1,'N','2014-02-01 00:00:00.','2014-03-01 00:00:00.',null,28.00,0.00,0,'root@localhost','2014-04-02 17:23:58.');
INSERT INTO walletcontents (WalletID,Slot,TicketID,DiscountTypeID,Priority,IsBad,datestart,DateExpires,ValueOriginal,ValueRemaining,ValueUse,SlotStatus,TouchedBy,TouchedAt) VALUES (173,1,6,null,1,'N',null,null,31.00,5.00,0.00,0,'root@localhost','2014-04-02 17:23:58.');
INSERT INTO walletcontents (WalletID,Slot,TicketID,DiscountTypeID,Priority,IsBad,datestart,DateExpires,ValueOriginal,ValueRemaining,ValueUse,SlotStatus,TouchedBy,TouchedAt) VALUES (173,2,21,null,1,'N','2014-02-01 00:00:00.','2014-03-01 00:00:00.',null,28.00,0.00,0,'root@localhost','2014-04-02 17:23:58.');
INSERT INTO walletcontents (WalletID,Slot,TicketID,DiscountTypeID,Priority,IsBad,datestart,DateExpires,ValueOriginal,ValueRemaining,ValueUse,SlotStatus,TouchedBy,TouchedAt) VALUES (175,1,6,null,1,'N',null,null,31.00,0.00,0.00,0,'root@localhost','2014-04-02 17:23:58.');
INSERT INTO walletcontents (WalletID,Slot,TicketID,DiscountTypeID,Priority,IsBad,datestart,DateExpires,ValueOriginal,ValueRemaining,ValueUse,SlotStatus,TouchedBy,TouchedAt) VALUES (175,2,4,null,1,'N','2014-02-25 00:00:00.','2014-03-25 00:00:00.',3.00,28.00,0.00,0,'root@localhost','2014-04-02 17:23:58.');
INSERT INTO walletcontents (WalletID,Slot,TicketID,DiscountTypeID,Priority,IsBad,datestart,DateExpires,ValueOriginal,ValueRemaining,ValueUse,SlotStatus,TouchedBy,TouchedAt) VALUES (176,1,6,null,1,'N',null,null,31.00,25.00,0.00,0,'root@localhost','2014-04-02 17:23:58.');
INSERT INTO walletcontents (WalletID,Slot,TicketID,DiscountTypeID,Priority,IsBad,datestart,DateExpires,ValueOriginal,ValueRemaining,ValueUse,SlotStatus,TouchedBy,TouchedAt) VALUES (176,2,21,null,1,'N','2014-02-01 00:00:00.','2014-03-01 00:00:00.',null,28.00,0.00,0,'root@localhost','2014-04-02 17:23:58.');
INSERT INTO walletcontents (WalletID,Slot,TicketID,DiscountTypeID,Priority,IsBad,datestart,DateExpires,ValueOriginal,ValueRemaining,ValueUse,SlotStatus,TouchedBy,TouchedAt) VALUES (177,1,6,2,1,'N',null,null,31.00,5.00,0.00,0,'root@localhost','2014-04-02 17:23:58.');
INSERT INTO walletcontents (WalletID,Slot,TicketID,DiscountTypeID,Priority,IsBad,datestart,DateExpires,ValueOriginal,ValueRemaining,ValueUse,SlotStatus,TouchedBy,TouchedAt) VALUES (177,2,24,2,1,'N',null,null,null,21.00,0.00,0,'root@localhost','2014-04-02 17:23:58.');
INSERT INTO walletcontents (WalletID,Slot,TicketID,DiscountTypeID,Priority,IsBad,datestart,DateExpires,ValueOriginal,ValueRemaining,ValueUse,SlotStatus,TouchedBy,TouchedAt) VALUES (180,1,4,null,1,'N',null,null,3.00,28.00,0.00,0,'root@localhost','2014-04-02 17:23:58.');
INSERT INTO walletcontents (WalletID,Slot,TicketID,DiscountTypeID,Priority,IsBad,datestart,DateExpires,ValueOriginal,ValueRemaining,ValueUse,SlotStatus,TouchedBy,TouchedAt) VALUES (180,2,4,null,1,'N','2014-02-26 00:00:00.','2014-03-26 00:00:00.',3.00,28.00,0.00,0,'root@localhost','2014-04-02 17:23:58.');
INSERT INTO walletcontents (WalletID,Slot,TicketID,DiscountTypeID,Priority,IsBad,datestart,DateExpires,ValueOriginal,ValueRemaining,ValueUse,SlotStatus,TouchedBy,TouchedAt) VALUES (185,1,6,2,1,'N',null,null,31.00,0.00,0.00,0,'root@localhost','2014-04-02 17:23:58.');
INSERT INTO walletcontents (WalletID,Slot,TicketID,DiscountTypeID,Priority,IsBad,datestart,DateExpires,ValueOriginal,ValueRemaining,ValueUse,SlotStatus,TouchedBy,TouchedAt) VALUES (185,2,9,2,1,'N',null,null,null,28.00,0.00,0,'root@localhost','2014-04-02 17:23:58.');
INSERT INTO walletcontents (WalletID,Slot,TicketID,DiscountTypeID,Priority,IsBad,datestart,DateExpires,ValueOriginal,ValueRemaining,ValueUse,SlotStatus,TouchedBy,TouchedAt) VALUES (187,1,24,null,1,'N',null,null,null,28.00,0.00,0,'root@localhost','2014-04-02 17:23:58.');
INSERT INTO walletcontents (WalletID,Slot,TicketID,DiscountTypeID,Priority,IsBad,datestart,DateExpires,ValueOriginal,ValueRemaining,ValueUse,SlotStatus,TouchedBy,TouchedAt) VALUES (187,2,4,null,1,'N','2014-03-04 00:00:00.','2014-04-01 00:00:00.',3.00,28.00,0.00,0,'root@localhost','2014-04-02 17:23:58.');
INSERT INTO walletcontents (WalletID,Slot,TicketID,DiscountTypeID,Priority,IsBad,datestart,DateExpires,ValueOriginal,ValueRemaining,ValueUse,SlotStatus,TouchedBy,TouchedAt) VALUES (190,1,6,null,1,'N',null,null,31.00,0.00,0.00,0,'root@localhost','2014-04-02 17:23:58.');
INSERT INTO walletcontents (WalletID,Slot,TicketID,DiscountTypeID,Priority,IsBad,datestart,DateExpires,ValueOriginal,ValueRemaining,ValueUse,SlotStatus,TouchedBy,TouchedAt) VALUES (190,2,4,null,1,'N','2014-02-27 00:00:00.','2014-03-20 00:00:00.',3.00,21.00,0.00,0,'root@localhost','2014-04-02 17:23:58.');
INSERT INTO walletcontents (WalletID,Slot,TicketID,DiscountTypeID,Priority,IsBad,datestart,DateExpires,ValueOriginal,ValueRemaining,ValueUse,SlotStatus,TouchedBy,TouchedAt) VALUES (200,1,6,null,1,'N',null,null,31.00,0.00,0.00,0,'root@localhost','2014-04-02 17:23:58.');
INSERT INTO walletcontents (WalletID,Slot,TicketID,DiscountTypeID,Priority,IsBad,datestart,DateExpires,ValueOriginal,ValueRemaining,ValueUse,SlotStatus,TouchedBy,TouchedAt) VALUES (212,1,6,2,1,'N',null,null,31.00,0.00,0.00,0,'root@localhost','2014-04-02 17:23:58.');
INSERT INTO walletcontents (WalletID,Slot,TicketID,DiscountTypeID,Priority,IsBad,datestart,DateExpires,ValueOriginal,ValueRemaining,ValueUse,SlotStatus,TouchedBy,TouchedAt) VALUES (215,1,26,2,1,'N','2013-09-09 00:00:00.','2014-03-04 22:11:34.',15.00,25.40,0.00,0,'root@localhost','2014-04-02 17:23:58.');
INSERT INTO walletcontents (WalletID,Slot,TicketID,DiscountTypeID,Priority,IsBad,datestart,DateExpires,ValueOriginal,ValueRemaining,ValueUse,SlotStatus,TouchedBy,TouchedAt) VALUES (216,1,6,2,1,'N',null,null,31.00,0.00,0.00,0,'root@localhost','2014-04-02 17:23:58.');
INSERT INTO walletcontents (WalletID,Slot,TicketID,DiscountTypeID,Priority,IsBad,datestart,DateExpires,ValueOriginal,ValueRemaining,ValueUse,SlotStatus,TouchedBy,TouchedAt) VALUES (218,1,6,null,1,'N','2013-09-09 00:00:00.','2014-03-04 20:40:13.',31.00,23.50,0.00,0,'root@localhost','2014-04-02 17:23:58.');
INSERT INTO walletcontents (WalletID,Slot,TicketID,DiscountTypeID,Priority,IsBad,datestart,DateExpires,ValueOriginal,ValueRemaining,ValueUse,SlotStatus,TouchedBy,TouchedAt) VALUES (219,1,6,2,1,'N','2013-09-09 00:00:00.','2014-03-04 20:40:13.',31.00,40.00,0.00,0,'root@localhost','2014-04-02 17:23:58.');
INSERT INTO walletcontents (WalletID,Slot,TicketID,DiscountTypeID,Priority,IsBad,datestart,DateExpires,ValueOriginal,ValueRemaining,ValueUse,SlotStatus,TouchedBy,TouchedAt) VALUES (219,4,26,2,1,'N','2014-03-04 00:00:00.','2014-03-04 19:48:53.',15.00,20.00,0.00,0,'root@localhost','2014-04-02 17:23:58.');
INSERT INTO walletcontents (WalletID,Slot,TicketID,DiscountTypeID,Priority,IsBad,datestart,DateExpires,ValueOriginal,ValueRemaining,ValueUse,SlotStatus,TouchedBy,TouchedAt) VALUES (220,1,6,null,1,'N','2013-09-09 00:00:00.','2014-03-06 17:42:57.',31.00,3.90,0.00,0,'root@localhost','2014-04-02 17:23:58.');
INSERT INTO walletcontents (WalletID,Slot,TicketID,DiscountTypeID,Priority,IsBad,datestart,DateExpires,ValueOriginal,ValueRemaining,ValueUse,SlotStatus,TouchedBy,TouchedAt) VALUES (221,1,6,null,1,'N','2013-09-09 00:00:00.','2014-03-06 21:45:30.',31.00,1.60,0.00,0,'root@localhost','2014-04-02 17:23:58.');
INSERT INTO walletcontents (WalletID,Slot,TicketID,DiscountTypeID,Priority,IsBad,datestart,DateExpires,ValueOriginal,ValueRemaining,ValueUse,SlotStatus,TouchedBy,TouchedAt) VALUES (222,1,26,null,1,'N','2013-09-09 00:00:00.','2014-03-06 20:09:31.',15.00,1.60,0.00,0,'root@localhost','2014-04-02 17:23:58.');
INSERT INTO walletcontents (WalletID,Slot,TicketID,DiscountTypeID,Priority,IsBad,datestart,DateExpires,ValueOriginal,ValueRemaining,ValueUse,SlotStatus,TouchedBy,TouchedAt) VALUES (223,1,26,null,1,'N','2013-09-09 00:00:00.','2014-03-04 19:55:51.',15.00,10.80,0.00,0,'root@localhost','2014-04-02 17:23:58.');
INSERT INTO walletcontents (WalletID,Slot,TicketID,DiscountTypeID,Priority,IsBad,datestart,DateExpires,ValueOriginal,ValueRemaining,ValueUse,SlotStatus,TouchedBy,TouchedAt) VALUES (224,1,6,2,1,'N',null,null,31.00,0.00,0.00,0,'root@localhost','2014-04-02 17:23:58.');
INSERT INTO walletcontents (WalletID,Slot,TicketID,DiscountTypeID,Priority,IsBad,datestart,DateExpires,ValueOriginal,ValueRemaining,ValueUse,SlotStatus,TouchedBy,TouchedAt) VALUES (224,4,26,2,1,'N','2014-03-05 00:00:00.','2014-03-05 21:23:35.',15.00,25.00,0.00,0,'root@localhost','2014-04-02 17:23:58.');
INSERT INTO walletcontents (WalletID,Slot,TicketID,DiscountTypeID,Priority,IsBad,datestart,DateExpires,ValueOriginal,ValueRemaining,ValueUse,SlotStatus,TouchedBy,TouchedAt) VALUES (225,1,6,2,1,'N',null,null,31.00,0.00,0.00,0,'root@localhost','2014-04-02 17:23:58.');
INSERT INTO walletcontents (WalletID,Slot,TicketID,DiscountTypeID,Priority,IsBad,datestart,DateExpires,ValueOriginal,ValueRemaining,ValueUse,SlotStatus,TouchedBy,TouchedAt) VALUES (225,2,9,2,1,'N',null,null,null,21.00,0.00,0,'root@localhost','2014-04-02 17:23:58.');
INSERT INTO walletcontents (WalletID,Slot,TicketID,DiscountTypeID,Priority,IsBad,datestart,DateExpires,ValueOriginal,ValueRemaining,ValueUse,SlotStatus,TouchedBy,TouchedAt) VALUES (226,1,6,2,1,'N',null,null,31.00,0.00,0.00,0,'root@localhost','2014-04-02 17:23:58.');
INSERT INTO walletcontents (WalletID,Slot,TicketID,DiscountTypeID,Priority,IsBad,datestart,DateExpires,ValueOriginal,ValueRemaining,ValueUse,SlotStatus,TouchedBy,TouchedAt) VALUES (226,2,9,2,1,'N',null,null,10.00,1.00,0.00,0,'root@localhost','2014-04-02 17:23:58.');
INSERT INTO walletcontents (WalletID,Slot,TicketID,DiscountTypeID,Priority,IsBad,datestart,DateExpires,ValueOriginal,ValueRemaining,ValueUse,SlotStatus,TouchedBy,TouchedAt) VALUES (226,3,8,2,1,'N',null,null,31.00,5.00,0.00,0,'root@localhost','2014-04-02 17:23:58.');
INSERT INTO walletcontents (WalletID,Slot,TicketID,DiscountTypeID,Priority,IsBad,datestart,DateExpires,ValueOriginal,ValueRemaining,ValueUse,SlotStatus,TouchedBy,TouchedAt) VALUES (226,4,26,2,1,'N',null,null,15.00,15.00,0.00,0,'root@localhost','2014-04-02 17:23:58.');
INSERT INTO walletcontents (WalletID,Slot,TicketID,DiscountTypeID,Priority,IsBad,datestart,DateExpires,ValueOriginal,ValueRemaining,ValueUse,SlotStatus,TouchedBy,TouchedAt) VALUES (227,1,6,2,1,'N',null,null,31.00,0.00,0.00,0,'root@localhost','2014-04-02 17:23:58.');
INSERT INTO walletcontents (WalletID,Slot,TicketID,DiscountTypeID,Priority,IsBad,datestart,DateExpires,ValueOriginal,ValueRemaining,ValueUse,SlotStatus,TouchedBy,TouchedAt) VALUES (227,2,9,2,1,'N',null,null,10.00,1.00,0.00,0,'root@localhost','2014-04-02 17:23:58.');
INSERT INTO walletcontents (WalletID,Slot,TicketID,DiscountTypeID,Priority,IsBad,datestart,DateExpires,ValueOriginal,ValueRemaining,ValueUse,SlotStatus,TouchedBy,TouchedAt) VALUES (227,4,26,2,1,'N','2014-03-07 00:00:00.','2014-03-07 14:40:47.',15.00,14.75,0.00,0,'root@localhost','2014-04-02 17:23:58.');
INSERT INTO walletcontents (WalletID,Slot,TicketID,DiscountTypeID,Priority,IsBad,datestart,DateExpires,ValueOriginal,ValueRemaining,ValueUse,SlotStatus,TouchedBy,TouchedAt) VALUES (228,1,6,null,1,'N',null,null,31.00,0.00,0.00,0,'root@localhost','2014-04-02 17:23:58.');
INSERT INTO walletcontents (WalletID,Slot,TicketID,DiscountTypeID,Priority,IsBad,datestart,DateExpires,ValueOriginal,ValueRemaining,ValueUse,SlotStatus,TouchedBy,TouchedAt) VALUES (228,2,4,null,1,'N',null,null,3.00,1.00,0.00,0,'root@localhost','2014-04-02 17:23:58.');
INSERT INTO walletcontents (WalletID,Slot,TicketID,DiscountTypeID,Priority,IsBad,datestart,DateExpires,ValueOriginal,ValueRemaining,ValueUse,SlotStatus,TouchedBy,TouchedAt) VALUES (229,1,6,null,1,'N',null,null,31.00,0.00,0.00,0,'root@localhost','2014-04-02 17:23:58.');
INSERT INTO walletcontents (WalletID,Slot,TicketID,DiscountTypeID,Priority,IsBad,datestart,DateExpires,ValueOriginal,ValueRemaining,ValueUse,SlotStatus,TouchedBy,TouchedAt) VALUES (229,2,4,null,1,'N','2014-03-06 00:00:00.','2014-03-20 00:00:00.',3.00,14.00,0.00,0,'root@localhost','2014-04-02 17:23:58.');
INSERT INTO walletcontents (WalletID,Slot,TicketID,DiscountTypeID,Priority,IsBad,datestart,DateExpires,ValueOriginal,ValueRemaining,ValueUse,SlotStatus,TouchedBy,TouchedAt) VALUES (232,1,6,2,1,'N',null,null,31.00,0.00,0.00,0,'root@localhost','2014-04-02 17:23:58.');
INSERT INTO walletcontents (WalletID,Slot,TicketID,DiscountTypeID,Priority,IsBad,datestart,DateExpires,ValueOriginal,ValueRemaining,ValueUse,SlotStatus,TouchedBy,TouchedAt) VALUES (232,4,26,2,1,'N','2014-03-06 00:00:00.','2014-03-07 06:02:35.',15.00,20.00,0.00,0,'root@localhost','2014-04-02 17:23:58.');
INSERT INTO walletcontents (WalletID,Slot,TicketID,DiscountTypeID,Priority,IsBad,datestart,DateExpires,ValueOriginal,ValueRemaining,ValueUse,SlotStatus,TouchedBy,TouchedAt) VALUES (233,1,26,null,1,'N',null,null,15.00,10.00,0.00,0,'root@localhost','2014-04-02 17:23:58.');
INSERT INTO walletcontents (WalletID,Slot,TicketID,DiscountTypeID,Priority,IsBad,datestart,DateExpires,ValueOriginal,ValueRemaining,ValueUse,SlotStatus,TouchedBy,TouchedAt) VALUES (233,2,4,null,1,'N','2014-03-07 00:00:00.','2014-03-21 00:00:00.',3.00,14.00,0.00,0,'root@localhost','2014-04-02 17:23:58.');
INSERT INTO walletcontents (WalletID,Slot,TicketID,DiscountTypeID,Priority,IsBad,datestart,DateExpires,ValueOriginal,ValueRemaining,ValueUse,SlotStatus,TouchedBy,TouchedAt) VALUES (233,3,4,null,1,'N',null,null,3.00,28.00,0.00,0,'root@localhost','2014-04-02 17:23:58.');
INSERT INTO walletcontents (WalletID,Slot,TicketID,DiscountTypeID,Priority,IsBad,datestart,DateExpires,ValueOriginal,ValueRemaining,ValueUse,SlotStatus,TouchedBy,TouchedAt) VALUES (234,1,6,null,1,'N',null,null,31.00,0.00,0.00,0,'root@localhost','2014-04-02 17:23:58.');
INSERT INTO walletcontents (WalletID,Slot,TicketID,DiscountTypeID,Priority,IsBad,datestart,DateExpires,ValueOriginal,ValueRemaining,ValueUse,SlotStatus,TouchedBy,TouchedAt) VALUES (262,1,6,null,1,'N',null,null,31.00,0.00,0.00,0,'root@localhost','2014-04-02 17:23:58.');
INSERT INTO walletcontents (WalletID,Slot,TicketID,DiscountTypeID,Priority,IsBad,datestart,DateExpires,ValueOriginal,ValueRemaining,ValueUse,SlotStatus,TouchedBy,TouchedAt) VALUES (277,1,6,null,1,'N',null,null,31.00,0.00,0.00,0,'root@localhost','2014-04-02 17:23:58.');
INSERT INTO walletcontents (WalletID,Slot,TicketID,DiscountTypeID,Priority,IsBad,datestart,DateExpires,ValueOriginal,ValueRemaining,ValueUse,SlotStatus,TouchedBy,TouchedAt) VALUES (277,2,4,null,1,'N','2014-03-15 00:00:00.','2014-03-22 00:00:00.',3.00,7.00,0.00,0,'root@localhost','2014-04-02 17:23:58.');
INSERT INTO walletcontents (WalletID,Slot,TicketID,DiscountTypeID,Priority,IsBad,datestart,DateExpires,ValueOriginal,ValueRemaining,ValueUse,SlotStatus,TouchedBy,TouchedAt) VALUES (279,1,6,null,1,'N',null,null,31.00,0.00,0.00,0,'root@localhost','2014-04-02 17:23:58.');
INSERT INTO walletcontents (WalletID,Slot,TicketID,DiscountTypeID,Priority,IsBad,datestart,DateExpires,ValueOriginal,ValueRemaining,ValueUse,SlotStatus,TouchedBy,TouchedAt) VALUES (279,2,8,null,1,'N','2014-03-15 00:00:00.','2014-03-15 23:02:04.',31.00,30.00,0.00,0,'root@localhost','2014-04-02 17:23:58.');
INSERT INTO walletcontents (WalletID,Slot,TicketID,DiscountTypeID,Priority,IsBad,datestart,DateExpires,ValueOriginal,ValueRemaining,ValueUse,SlotStatus,TouchedBy,TouchedAt) VALUES (287,1,6,null,1,'N',null,null,31.00,5.00,0.00,0,'root@localhost','2014-04-02 17:23:58.');
INSERT INTO walletcontents (WalletID,Slot,TicketID,DiscountTypeID,Priority,IsBad,datestart,DateExpires,ValueOriginal,ValueRemaining,ValueUse,SlotStatus,TouchedBy,TouchedAt) VALUES (287,2,4,null,1,'N','2014-03-19 00:00:00.','2014-03-22 00:00:00.',3.00,3.00,0.00,0,'root@localhost','2014-04-02 17:23:58.');
INSERT INTO walletcontents (WalletID,Slot,TicketID,DiscountTypeID,Priority,IsBad,datestart,DateExpires,ValueOriginal,ValueRemaining,ValueUse,SlotStatus,TouchedBy,TouchedAt) VALUES (288,1,6,null,1,'N','2014-03-19 00:00:00.','2014-03-21 00:43:30.',31.00,1.00,0.00,0,'root@localhost','2014-04-02 17:23:58.');
INSERT INTO walletcontents (WalletID,Slot,TicketID,DiscountTypeID,Priority,IsBad,datestart,DateExpires,ValueOriginal,ValueRemaining,ValueUse,SlotStatus,TouchedBy,TouchedAt) VALUES (289,1,6,null,1,'N',null,null,31.00,5.00,0.00,0,'root@localhost','2014-04-02 17:23:58.');
INSERT INTO walletcontents (WalletID,Slot,TicketID,DiscountTypeID,Priority,IsBad,datestart,DateExpires,ValueOriginal,ValueRemaining,ValueUse,SlotStatus,TouchedBy,TouchedAt) VALUES (289,2,8,null,1,'N','2014-03-19 00:00:00.','2014-03-21 21:05:31.',31.00,2.00,0.00,0,'root@localhost','2014-04-02 17:23:58.');
INSERT INTO walletcontents (WalletID,Slot,TicketID,DiscountTypeID,Priority,IsBad,datestart,DateExpires,ValueOriginal,ValueRemaining,ValueUse,SlotStatus,TouchedBy,TouchedAt) VALUES (297,1,6,null,1,'N',null,null,31.00,5.00,0.00,0,'root@localhost','2014-04-02 17:23:58.');
INSERT INTO walletcontents (WalletID,Slot,TicketID,DiscountTypeID,Priority,IsBad,datestart,DateExpires,ValueOriginal,ValueRemaining,ValueUse,SlotStatus,TouchedBy,TouchedAt) VALUES (297,2,4,null,1,'N','2014-03-20 00:00:00.','2014-04-03 00:00:00.',3.00,14.00,0.00,0,'root@localhost','2014-04-02 17:23:58.');
INSERT INTO walletcontents (WalletID,Slot,TicketID,DiscountTypeID,Priority,IsBad,datestart,DateExpires,ValueOriginal,ValueRemaining,ValueUse,SlotStatus,TouchedBy,TouchedAt) VALUES (298,1,6,null,1,'N','2014-03-20 00:00:00.','2014-03-21 21:05:31.',31.00,15.40,0.00,0,'root@localhost','2014-04-02 17:23:58.');
INSERT INTO walletcontents (WalletID,Slot,TicketID,DiscountTypeID,Priority,IsBad,datestart,DateExpires,ValueOriginal,ValueRemaining,ValueUse,SlotStatus,TouchedBy,TouchedAt) VALUES (299,1,6,null,1,'N',null,null,31.00,5.00,0.00,0,'root@localhost','2014-04-02 17:23:58.');
INSERT INTO walletcontents (WalletID,Slot,TicketID,DiscountTypeID,Priority,IsBad,datestart,DateExpires,ValueOriginal,ValueRemaining,ValueUse,SlotStatus,TouchedBy,TouchedAt) VALUES (299,2,8,null,1,'N','2014-03-20 00:00:00.','2014-03-21 21:05:31.',31.00,2.00,0.00,0,'root@localhost','2014-04-02 17:23:58.');
INSERT INTO walletcontents (WalletID,Slot,TicketID,DiscountTypeID,Priority,IsBad,datestart,DateExpires,ValueOriginal,ValueRemaining,ValueUse,SlotStatus,TouchedBy,TouchedAt) VALUES (301,1,6,2,1,'N',null,null,31.00,0.00,0.00,0,'root@localhost','2014-04-02 17:23:58.');
INSERT INTO walletcontents (WalletID,Slot,TicketID,DiscountTypeID,Priority,IsBad,datestart,DateExpires,ValueOriginal,ValueRemaining,ValueUse,SlotStatus,TouchedBy,TouchedAt) VALUES (301,2,9,2,1,'N',null,null,null,3.00,0.00,0,'root@localhost','2014-04-02 17:23:58.');
INSERT INTO walletcontents (WalletID,Slot,TicketID,DiscountTypeID,Priority,IsBad,datestart,DateExpires,ValueOriginal,ValueRemaining,ValueUse,SlotStatus,TouchedBy,TouchedAt) VALUES (301,3,9,2,1,'N','2014-03-25 00:00:00.','2014-03-26 00:00:00.',10.00,1.00,0.00,0,'root@localhost','2014-04-02 17:23:58.');
INSERT INTO walletcontents (WalletID,Slot,TicketID,DiscountTypeID,Priority,IsBad,datestart,DateExpires,ValueOriginal,ValueRemaining,ValueUse,SlotStatus,TouchedBy,TouchedAt) VALUES (302,1,26,2,1,'N','2014-03-25 00:00:00.','2014-03-27 23:33:47.',15.00,15.00,0.00,0,'root@localhost','2014-04-02 17:23:58.');
INSERT INTO walletcontents (WalletID,Slot,TicketID,DiscountTypeID,Priority,IsBad,datestart,DateExpires,ValueOriginal,ValueRemaining,ValueUse,SlotStatus,TouchedBy,TouchedAt) VALUES (302,2,9,2,1,'N','2014-03-27 00:00:00.','2014-03-28 00:00:00.',10.00,1.00,0.00,0,'root@localhost','2014-04-02 17:23:58.');
INSERT INTO walletcontents (WalletID,Slot,TicketID,DiscountTypeID,Priority,IsBad,datestart,DateExpires,ValueOriginal,ValueRemaining,ValueUse,SlotStatus,TouchedBy,TouchedAt) VALUES (303,1,6,2,1,'N',null,null,31.00,5.00,0.00,0,'root@localhost','2014-04-02 17:23:58.');
INSERT INTO walletcontents (WalletID,Slot,TicketID,DiscountTypeID,Priority,IsBad,datestart,DateExpires,ValueOriginal,ValueRemaining,ValueUse,SlotStatus,TouchedBy,TouchedAt) VALUES (303,2,8,2,1,'N','2014-03-25 00:00:00.','2014-03-26 02:33:36.',31.00,15.00,0.00,0,'root@localhost','2014-04-02 17:23:58.');
INSERT INTO walletcontents (WalletID,Slot,TicketID,DiscountTypeID,Priority,IsBad,datestart,DateExpires,ValueOriginal,ValueRemaining,ValueUse,SlotStatus,TouchedBy,TouchedAt) VALUES (304,1,26,null,1,'N',null,null,15.00,1.00,0.00,0,'root@localhost','2014-04-02 17:23:58.');
INSERT INTO walletcontents (WalletID,Slot,TicketID,DiscountTypeID,Priority,IsBad,datestart,DateExpires,ValueOriginal,ValueRemaining,ValueUse,SlotStatus,TouchedBy,TouchedAt) VALUES (306,1,6,null,1,'N',null,null,31.00,0.00,0.00,0,'root@localhost','2014-04-02 17:23:58.');
INSERT INTO walletcontents (WalletID,Slot,TicketID,DiscountTypeID,Priority,IsBad,datestart,DateExpires,ValueOriginal,ValueRemaining,ValueUse,SlotStatus,TouchedBy,TouchedAt) VALUES (307,1,6,null,1,'N',null,null,31.00,5.00,0.00,0,'root@localhost','2014-04-02 17:23:58.');
INSERT INTO walletcontents (WalletID,Slot,TicketID,DiscountTypeID,Priority,IsBad,datestart,DateExpires,ValueOriginal,ValueRemaining,ValueUse,SlotStatus,TouchedBy,TouchedAt) VALUES (307,2,4,null,1,'N','2014-03-24 00:00:00.','2014-04-07 00:00:00.',3.00,14.00,0.00,0,'root@localhost','2014-04-02 17:23:58.');
INSERT INTO walletcontents (WalletID,Slot,TicketID,DiscountTypeID,Priority,IsBad,datestart,DateExpires,ValueOriginal,ValueRemaining,ValueUse,SlotStatus,TouchedBy,TouchedAt) VALUES (309,1,6,2,1,'N',null,null,31.00,0.00,0.00,0,'root@localhost','2014-04-02 17:23:58.');
INSERT INTO walletcontents (WalletID,Slot,TicketID,DiscountTypeID,Priority,IsBad,datestart,DateExpires,ValueOriginal,ValueRemaining,ValueUse,SlotStatus,TouchedBy,TouchedAt) VALUES (309,2,9,2,1,'N',null,null,null,7.00,0.00,0,'root@localhost','2014-04-02 17:23:58.');
INSERT INTO walletcontents (WalletID,Slot,TicketID,DiscountTypeID,Priority,IsBad,datestart,DateExpires,ValueOriginal,ValueRemaining,ValueUse,SlotStatus,TouchedBy,TouchedAt) VALUES (310,1,26,2,1,'N','2014-03-24 00:00:00.','2014-03-24 22:36:20.',15.00,15.95,0.00,0,'root@localhost','2014-04-02 17:23:58.');
INSERT INTO walletcontents (WalletID,Slot,TicketID,DiscountTypeID,Priority,IsBad,datestart,DateExpires,ValueOriginal,ValueRemaining,ValueUse,SlotStatus,TouchedBy,TouchedAt) VALUES (312,1,6,2,1,'N',null,null,31.00,0.00,0.00,0,'root@localhost','2014-04-02 17:23:58.');
INSERT INTO walletcontents (WalletID,Slot,TicketID,DiscountTypeID,Priority,IsBad,datestart,DateExpires,ValueOriginal,ValueRemaining,ValueUse,SlotStatus,TouchedBy,TouchedAt) VALUES (312,2,8,2,1,'N','2014-03-24 00:00:00.','2014-03-24 22:46:49.',31.00,30.00,0.00,0,'root@localhost','2014-04-02 17:23:58.');
INSERT INTO walletcontents (WalletID,Slot,TicketID,DiscountTypeID,Priority,IsBad,datestart,DateExpires,ValueOriginal,ValueRemaining,ValueUse,SlotStatus,TouchedBy,TouchedAt) VALUES (313,1,26,null,1,'N','2014-03-25 00:00:00.','2014-03-28 22:21:52.',15.00,34.70,0.00,0,'root@localhost','2014-04-02 17:23:58.');
INSERT INTO walletcontents (WalletID,Slot,TicketID,DiscountTypeID,Priority,IsBad,datestart,DateExpires,ValueOriginal,ValueRemaining,ValueUse,SlotStatus,TouchedBy,TouchedAt) VALUES (314,1,6,null,1,'N',null,null,31.00,0.00,0.00,0,'root@localhost','2014-04-02 17:23:58.');
INSERT INTO walletcontents (WalletID,Slot,TicketID,DiscountTypeID,Priority,IsBad,datestart,DateExpires,ValueOriginal,ValueRemaining,ValueUse,SlotStatus,TouchedBy,TouchedAt) VALUES (314,2,8,null,1,'N','2014-03-25 00:00:00.','2014-03-28 17:36:22.',31.00,1.00,0.00,0,'root@localhost','2014-04-02 17:23:58.');
INSERT INTO walletcontents (WalletID,Slot,TicketID,DiscountTypeID,Priority,IsBad,datestart,DateExpires,ValueOriginal,ValueRemaining,ValueUse,SlotStatus,TouchedBy,TouchedAt) VALUES (314,3,8,null,1,'N','2014-03-28 00:00:00.','2014-03-29 06:54:12.',31.00,15.00,0.00,0,'root@localhost','2014-04-02 17:23:58.');

SET SQL_MODE=@OLD_SQL_MODE;
SET FOREIGN_KEY_CHECKS=@OLD_FOREIGN_KEY_CHECKS;
SET UNIQUE_CHECKS=@OLD_UNIQUE_CHECKS;